ό;ΰ¥¤¬¥β;®§­ η¥­­ο; ©¬¥­γΆ ­­ο ―ΰ¥¤¬¥βγ; β¥£®ΰ¨ο;‡ «¨θ®;–¥­ 
1;50100018;87-502807-00;… 65.5(+0,50) VW 1.4 (AEX) 95-;®ΰθ­¨;;1
2;50200042;03.3304-2208.1;ATE ®«μζ® γ―«®β­¨β¥«μ­®¥ β®ΰ¬®§­®£® ζ¨«¨­¤ΰ ;®«μζ ;2;1
3;50200040;051 129 625B;‹– “‹’’…‹… ‚“‘ƒ ‚‡„“•‚„€;®«μζ ;1;1
4;50200036;08-112700-00;V 184  ‹–€ …‚›… 2.0 75-100PS STD 86 (2.5X2X3)  GOTZE;®«μζ ;2;1
5;50200038;850200000;‹–€ 81,0 STD 1,75-2-3 VW T4 1,8-2,5 90- A 3,6V8 1 .;®«μζ ;4;1
6;50200032;101-950;FISCHER ®«μζ® γ―«®β­¨β¥«μ­®¥ Άλε«®―­®© α¨αβ¥¬λ BMW;®«μζ ;1;1
7;50200039;443 955 465;®«μζ® γ―«®β­¨β¥«μ­®¥ ΅ η  ®¬λΆ β¥«ο AU-VW;®«μζ ;3;1
8;50200034;50-306911-50;‘€‹ ‹€€€;®«μζ ;9;1
9;50300067;19015088;‘ «μ­¨ βΰ ­α¬?α?υ ;‚« ¤λθ¨;1;1
10;50400613;016 409 399B;‘€‹ ‡€„…ƒ ‚„€ €‚›‰ 45x60x8;ΰ®« ¤¨ ¨ α «μ­¨¨;2;1
11;50400616;0220-01-0024P;026103383P ‹€„€ ƒ‹. VW 1,6-1,8 83-;ΰ®« ¤¨ ¨ α «μ­¨¨;1;1
12;50400617;0220-01-0206P;048129717A ‹€„€ ‹‹…’€ ‚“‘. VW 1,6-2,0 90-;ΰ®« ¤¨ ¨ α «μ­¨¨;2;1
13;50400619;0220-01-0217P;028129589B ‹€„€ ‹‹…’€ ‚›“‘. VW/AUDI (€‹);ΰ®« ¤¨ ¨ α «μ­¨¨;7;1
14;50400618;0220-01-0221P;026129717D ‹€„€ ‹‹…’€ ‚“‘. AUDI/VW 1,6-1,8 @;ΰ®« ¤¨ ¨ α «μ­¨¨;4;1
15;50400631;047 103 161A;‹€„€ “™‹‚€— SEAT / SKODA/ VW;ΰ®« ¤¨ ¨ α «μ­¨¨;6;1
16;50400624;51 103 623;™’ €‘‹ƒ „„€ VW/SEAT;ΰ®« ¤¨ ¨ α «μ­¨¨;1;1
17;50400557;100 321 0003;01N321370 ‹€„€ †. › . €‚’ 4-B  A4,A6 95- , 80,90,PASS@^;ΰ®« ¤¨ ¨ α «μ­¨¨;2;1
18;50400180;110-906;‹€„€ ’“› AUDI,VW DERBY GOLF,POLO;ΰ®« ¤¨ ¨ α «μ­¨¨;2;1
19;50400177;110-916;FISCHER ΰ®« ¤ , βΰγ΅  Ά¨ε«®―­®£® £ §γ;ΰ®« ¤¨ ¨ α «μ­¨¨;2;1
20;50400621;130 75 60;SCANIA ‹€„€ ƒ“‡‚ P-, G-, R-, T- α¥ΰ¨¨;ΰ®« ¤¨ ¨ α «μ­¨¨;2;1
21;50400608;1H0 823 499;‹‘€ ;ΰ®« ¤¨ ¨ α «μ­¨¨;2;1
22;50400612;2020436;“—€ …ƒ“‹‚ ‘„… € …‹ …ƒ€ ‘„;ΰ®« ¤¨ ¨ α «μ­¨¨;1;1
23;50400623;5002487000;K‹. …. ‚„. K‹‹…K’. ‚. /ƒ‹. VW 1,6 /1,8 035121171C@ABM/PN ‡€…€;ΰ®« ¤¨ ¨ α «μ­¨¨;4;1
24;50400130;5030667050;‘€‹HK K‹€. BMW / PSA / VW@‚“‘./‚›.   universal  d8 AVIK;ΰ®« ¤¨ ¨ α «μ­¨¨;;1
25;50400614;61-29300-00;‹€„€ ƒ‹. ‹€ VW T4 1.8/2.0 AAC/PD;ΰ®« ¤¨ ¨ α «μ­¨¨;1;1
26;50400602;70-31943-00;‹€„€ „„€ €‘‹€ AUDI/VW 1.9D/TD 1Y/AAZ;ΰ®« ¤¨ ¨ α «μ­¨¨;1;1
27;50400606;701 501 191;£ΰ ­¨η¨β¥«μ ε®¤  ΰλη £  ―®¤Ά¥α¨ § ¤­¨©;ΰ®« ¤¨ ¨ α «μ­¨¨;4;1
28;50400609;701 837 061 C;‹¨η¨­  § ¬  ¤Ά¥ΰ¨;ΰ®« ¤¨ ¨ α «μ­¨¨;1;1
29;50400604;867 857 169 ;β¨δβ ΰλθ¨ Ά¥ι¥Ά®£® οι¨ ;ΰ®« ¤¨ ¨ α «μ­¨¨;6;1
30;50400642;96179241;GENERAL MOTORS ‹€„€ (†.) . ……„. DAEWOO NEXIA, ESPERO 95-;ΰ®« ¤¨ ¨ α «μ­¨¨;1;1
31;50400629;96322888;‡€ƒ‹“€ ”‹€–€ / ‚. GOLF 1.5-2.0;ΰ®« ¤¨ ¨ α «μ­¨¨;1;1
32;50400645;AT-5407;€ ‘€‹‚;ΰ®« ¤¨ ¨ α «μ­¨¨;403;1
33;50400565;BOS256-314;‹€„€ ‘‘’. ‚›“‘. Mercedes E-‹€‘‘ 220T CDI 07.99-03.03;ΰ®« ¤¨ ¨ α «μ­¨¨;1;1
34;50400603;CO12011153;321501641 ‘€‹ ‡€„. ‘’“. 40x52/58x7,5 VW GOLF/PASSAT;ΰ®« ¤¨ ¨ α «μ­¨¨;1;1
35;50400597;CO12015750B;‘€‹ …‚—ƒ ‚€‹€  ……„€— FORD;ΰ®« ¤¨ ¨ α «μ­¨¨;2;1
36;50400610;CO12019250;‘€‹ ‹…‚€‹€  40X52X7 OPEL/Fiat 1.3CDTI/1.3JTD;ΰ®« ¤¨ ¨ α «μ­¨¨;3;1
37;50400611;CO19016630;‘€‹ 18x30x7@MOTB;ΰ®« ¤¨ ¨ α «μ­¨¨;1;1
38;50400605;CO20015851;"85x105x12 ‘€‹ ‚€‹€ ‡ VW (‹.) ;VOLVO  (D1";ΰ®« ¤¨ ¨ α «μ­¨¨;1;1
39;50400676;EL026680;‘€‹ ‹€€€ (‚‘€‘.) FORD 1.8/2.0 16V Duratec  04-;ΰ®« ¤¨ ¨ α «μ­¨¨;8;1
40;50400170;EL315494;"‘€‹ ‚€‹€ ‡ 85x105x12 VW (‹.) ;VOLVO  (D16,D24,D24T,D24TIC)";ΰ®« ¤¨ ¨ α «μ­¨¨;1;1
41;50400100;EL325155;‘€‹ ‚€‹€  €‹. 32x47x10 VW;ΰ®« ¤¨ ¨ α «μ­¨¨;;1
42;50400391;EL495620;044103609D ‹€„€ „„€ €‘‹€ VW 1,9SDI 95-;ΰ®« ¤¨ ¨ α «μ­¨¨;1;1
43;50400230;EL508209;90X110X7 ‘€‹ ‡ PEUGEOT 1.6/1.9/1.8D/1.9D;ΰ®« ¤¨ ¨ α «μ­¨¨;;1
44;50400386;EL559336;030103383K ‹. ƒ‹. VW 1,05-1,4 (D75,0);ΰ®« ¤¨ ¨ α «μ­¨¨;;1
45;50400135;EL621700;‹€„€ ‹‹…’€ ‚“‘. VW 1.05-1.4 83-@BRON AVIK;ΰ®« ¤¨ ¨ α «μ­¨¨;;1
46;50400254;EL701289;‘€‹ ‹€€€ (7) VW GTI/VR6 (027109675);ΰ®« ¤¨ ¨ α «μ­¨¨;8;1
47;50400162;EL915311;‹€„€ „„€ €‘‹€ VW T4 2,4D/2,5D/2,5 …‡. (5 –‹.)@BRON;ΰ®« ¤¨ ¨ α «μ­¨¨;1;1
48;50400615;EL915688;044103383D ‹€„€ ƒ‹. VW T4 1,8/2,0 91-;ΰ®« ¤¨ ¨ α «μ­¨¨;2;1
49;50400683;GLAX03743-01;‹€„€ ‹‹…’€ ‚›“‘. SEAT (CORDOBA,IBIZA II) VW GOLF II,GOLF;ΰ®« ¤¨ ¨ α «μ­¨¨;;1
50;50400346;HP100 079;020301227D 18x30x6,4/8,1 ‘€‹ ……‹. ……„. VW GOLF A 1,5-2,0@^;ΰ®« ¤¨ ¨ α «μ­¨¨;3;1
51;50400620;HP100 087;020498085G …. -’ !!!!‘€‹. „””….+ ‡€ƒ‹“€ 50x65.2x10@^BRON;ΰ®« ¤¨ ¨ α «μ­¨¨;3;1
52;50400217;HP100 714;037115220B ‹€„€ „„€ €‘‹€ (‘ ‡€™’‰) VW 1,9D@^ BRON;ΰ®« ¤¨ ¨ α «μ­¨¨;2;1
53;50400622;HP104 505;N0282062 ƒ …‹. „€’—‚ ‚ ƒ‹. VW -90;ΰ®« ¤¨ ¨ α «μ­¨¨;13;1
54;50400643;HP201 218;0636841 ‘€‹ ‚€‹€ €‘. OPEL OHC;ΰ®« ¤¨ ¨ α «μ­¨¨;2;1
55;50400630;LBU8881;‘€‹;ΰ®« ¤¨ ¨ α «μ­¨¨;2;1
56;50400607;N 012 70 82;―®­  θ¥αβ¥ΰ­¨ ®«¥­Ά « ;ΰ®« ¤¨ ¨ α «μ­¨¨;1;1
57;50400310;SAS1213273;40x58x11.3. Peugeot 206 ‘€‹ / ‹…‚.@‘ ‹€‘’. ‡“. ^;ΰ®« ¤¨ ¨ α «μ­¨¨;;1
58;50400578;TP207 217;TOPRAN ?‹–… “™?‹‚€—;ΰ®« ¤¨ ¨ α «μ­¨¨;;1
59;50500965;054 903 137;…… ‚„.. (11,2x866) AUDI 80/90, VW PASSAT;¥¬­¨;3;1
60;50500913;1 987 947 604;10X813 ¥¬¥­μ «¨­®Ά. OPEL. VW. FORD. AUDI;¥¬­¨;1;1
61;50500955;1 987 949 044;…… €‘. 136X1 PEUGEOT 1,8/1,9D;¥¬­¨;1;1
62;50500930;10 X 725 DAYCO;…… ‹‚›‰ 10x725@BRON AVIK VAZ;¥¬­¨;1;1
63;50500932;10 X 760 DAYCO;…… ‹‚›‰ 10x760@;¥¬­¨;1;1
64;50500927;10 X 925 DAYCO;…… ‹‚›‰ 10x925@BRON AVIK;¥¬­¨;1;1
65;50500958;11.5 X 685;…… ‹‚.;¥¬­¨;1;1
66;50500816;13 X 1025 DAYCO;…… ‹‚›‰ 13x1025@BRON AVIK;¥¬­¨;1;1
67;50500926;13 X 1050 DAYCO;…… ‹‚›‰ 13x1050@BRON;¥¬­¨;1;1
68;50500928;13 X 1125 DAYCO;…… ‹‚›‰ 13x1125@ BRON AVIK;¥¬­¨;1;1
69;50500929;13 X 1300 DAYCO;…… ‹‚›‰;¥¬­¨;1;1
70;50500915;4 PK 736 DAYCO;…… ‹‹.@ TRANSIT 2,0DI 00- ƒ/“ !!!!! BRON AVIK;¥¬­¨;1;1
71;50500916;5 PK 1125 DAYCO;…… ‹‹‚›‰ 5PK1125@‚€‡ BRON AVIK;¥¬­¨;1;1
72;50500967;5 PK 906;5PK906 …… ‹‹‚›‰ BMW 3/5/Z3, ALFA ROMEO 145/146, FIAT, LANCIA;¥¬­¨;1;1
73;50500987;6 PK 1054;6PK1054 …… ‹‹‚›‰ ALFA ROMEO, FIAT DOBLO, FORD,HONDA;¥¬­¨;1;1
74;50500414;6 PK 1125 DAYCO;…… ‹‹‚›‰ 6PK1125@BRON  KANGOO AVIK „.;¥¬­¨;1;1
75;50500350;6 PK 1145 DAYCO;DAYCO …… ‹‹‚›‰ VW 1,9D/TD/SD/TD (ƒ……€’) + („.);¥¬­¨;1;1
76;50500919;6 PK 1200 DAYCO;…… ‹‹‚›‰ 6PK1200@;¥¬­¨;1;1
77;50500188;6 PK 1400;6PK1400 …… ‹‹‚›‰ KANGOO@;¥¬­¨;1;1
78;50500963;6 PK 1588 DAYCO;…… ‹‹‚›‰ 6PK1588@BRON;¥¬­¨;1;1
79;50500924;6 PK 1740 DAYCO;…… ‹‹‚›‰ 6PK1740@BRON AVIK;¥¬­¨;1;1
80;50500918;6 PK 1750 DAYCO;…… ‹‹‚›‰ 6PK1750@BRON AVIK „.;¥¬­¨;1;1
81;50500309;6 PK 1795;6PK1795 …… ‹‹‚›‰ OPEL VAUXHALL ASTRA/VECTRA/CORSA/TIGRA/COMBO,;¥¬­¨;1;1
82;50500910;6 PK 1815;6PK1815 …… ‹‹‚›‰ FORD ESCORT/MONDEO/SIERRA/SCORPIO/FIESTA;¥¬­¨;1;1
83;50500104;6 PK 1995 DAYCO;…… ‹‹‚›‰ 6 PK 1995@BRON MOTB;¥¬­¨;1;1
84;50500920;6 PK 2263 DAYCO;…… ‹‹‚›‰ 6PK2263@ AVIK;¥¬­¨;1;1
85;50500964;6 PK 894;6PK894 …… ‹‹‚›‰ VW PASSAT/GOLF/VENTO, SEAT IBIZA/CORDOBA;¥¬­¨;3;1
86;50500959;701 119 137 A;…… ‹‹‚›‰ VW T;¥¬­¨;3;1
87;50500922;7PK1790DY;…… ƒ……€’€ MASTERII 2.2-2.5DCI (+AC) 09.03- 7PK1795;¥¬­¨;1;1
88;50500937;GAT K015323XS;-’ ……‰ €‘. AUDI 100 / VW LT   2.0D/TD  VW (GT T43049-1’ + GT T43048-1’ + GT T43047-1’ + GT 5494XS-1’;¥¬­¨;1;1
89;50500944;GAT K015479XS;GATES ®«¨®Ά¨© ¬®¤γ«μ ­ βο£γΆ η  ΰ¥¬­ο (ΰ®«¨,ΰ¥¬¥­μ) HYUNDAI ACCENT;¥¬­¨;1;1
90;50500949;GAT K015606XS;¥¬®¬―«¥β ΰ¥¬­ο ƒ α ΰ®«¨ ¬¨ PEUGEOT 307/308/508/807;¥¬­¨;1;1
91;50500925;GAT K015649XS;K-T ƒ …… €‘. AUDI, SEAT,SKODA, VW 1.6TDI 02.09-;¥¬­¨;1;1
92;50500960;GAT5424XS;…… €‘. AUDI 100 1.6 94-SEAT VW POLO, A4 1.6 94-;¥¬­¨;1;1
93;50500961;GAT6217MC;@…… ‹‚›‰;¥¬­¨;1;1
94;50500962;GAT6266MC;…… ‹‚. (10x970) OPEL REKORD, DB 207 D;¥¬­¨;3;1
95;50500645;GYG1171;"GOODYEAR …… €‘. 121X18 VW GOLF/PASSAT 1,3-1,8 74-;AUDI 80 4 –‹. 72-";¥¬­¨;2;1
96;50600909;0 242 229 656;"(+3 ; WR8DC+) BOSCH ‘‚…—€ ‡€†ƒ€ (0,8 mm) Super Plus Yttrium (1 ’.)"; «¥βΰ¨ ;4;1
97;50600111;0 250 201 039;BOSCH ‘‚…—€ €€‹€ DURATERM 11V OPEL,FIAT,PEUGEOT,BMW 80-@; «¥βΰ¨ ;4;1
98;50600112;0 250 202 022;"BOSCH ‘‚…—€ €€‹€ DURATERM 11V AUDI 80/100 1,9TDI; 2,5TDI 91- (―®¤ ®«― η®)@"; «¥βΰ¨ ;;1
99;50600798;0 258 986 602;BOSCH ‹„€-‡„ “‚…‘.; «¥βΰ¨ ;1;1
100;50600862;0 300 513 119;€…— „’“ ‚‘‚‹’ƒ; «¥βΰ¨ ;5;1
101;50600853;02A 409 193; ―ΰ Ά«οξι ο θ¥αβ¥ΰ­¨ α―¨¤®¬¥βΰ ; «¥βΰ¨ ;3;1
102;50600845;02A 945 413;@02A 945 413 C ……‹., ‡€„. ”€(); «¥βΰ¨ ;4;1
103;50600308;1 006 209 506;"BOSCH …„‘ (“”’€ ‘‚. •„€) ‘’€’…€ AUDI 80 1,6; 100 5 –‹. …‡. 84-; BMW"; «¥βΰ¨ ;3;1
104;50600875;1 127 319 727;‘’ „„›‰; «¥βΰ¨ ;1;1
105;50600827;1 235 522 370;Bosch ›€ VW 1,05/1,3/1,6/1,9 84- (‘ ‹’€); «¥βΰ¨ ;1;1
106;50600881;1 406 121R;052905225C …ƒ“ €‘…„. VW E 88-/OPEL E 88- (‘…„. ’‚.) VOLVO 240; «¥βΰ¨ ;1;1
107;50600880;1 415 099R;026905225K …ƒ“ €‘…„. VW 1,6 /1,8 85- ( €€. DUCELLIER); «¥βΰ¨ ;2;1
108;50600807;1 953 459;„€’— ‹†…. ‚€‹€ €’“. Mercedes A-‹€‘‘ 169 09-; «¥βΰ¨ ;1;1
109;50600777;11 721 961;‘‚…—€ €€‹€ AUDI A4/A6/A8,VW PASSAT 2.5TDI (AFB/AKN/BAU/BDH) 07.98-05.05; «¥βΰ¨ ;1;1
110;50600886;1111111;‚ ‡€€; «¥βΰ¨ ;3;1
111;50600893;13 62 7 843 531;; «¥βΰ¨ ;57;1
112;50600894;13 621 4 33 077;„ βη¨ β¥¬―¥ΰ βγΰ¨ bmw ; «¥βΰ¨ ;305;1
113;50600772;15203/MG; € ’‹‚€ ‹…’. (‡€.- 463014/016/464008/013/019/032/038/048/051/056; «¥βΰ¨ ;1;1
114;50600841;191 201 551A;" K€ ‚‹‚€ ’‹‚€  A80/A4GOLF 2; PASSAT 88- ‘ ‹—"; «¥βΰ¨ ;1;1
115;50600847;191 919 305B;“‚€— AU-VW; «¥βΰ¨ ;1;1
116;50600849;1H0 711 595;’ ‚‹ ……‹—… ……„€—; «¥βΰ¨ ;2;1
117;50600861;1H0 721 173;@€‹€„. …„€‹ ’. Seat (AROSA,CORDOBA,IBIZA II,INCA) VW (CADDY I; «¥βΰ¨ ;5;1
118;50600851;1H0 837 141;ΰ®­θβ¥©­ ΰγη¨ ¤Ά¥ΰ¨ § ¤­¥© «¥Ά®© Ά­γβΰ¥­­¥© VW GOLF; «¥βΰ¨ ;1;1
119;50600854;1H0 837 142;®ΰ―γα Ά­γβΰ¥­­¥© ΰγη¨ VW GOLF; «¥βΰ¨ ;2;1
120;50600842;1H0 837 226;“—€ „‚… VW GOLF/VENTO; «¥βΰ¨ ;2;1
121;50600863;1H0 837 581D;@1H0 837 581 D . “’€; «¥βΰ¨ ;4;1
122;50600850;1H0 906 233;€‡… ‚„; «¥βΰ¨ ;3;1
123;50600829;1H0 919 670;®¤γ«μ ¤ βη¨  ¤«ο γ § β¥«ο γΰ®Ά­ο β®―«¨Ά  GOLF 92-97; «¥βΰ¨ ;1;1
124;50600833;1H1 837 015M;‡€ „‚… ……„…‰ ‹…‚‰ VW GOLF/ VENTO; «¥βΰ¨ ;1;1
125;50600834;1H1 837 016L;‡€ „‚……‰ VW GOLF 92-98; «¥βΰ¨ ;1;1
126;50600865;1H1 857 131;‡€ ™€ €‘‘€†. VW Golf, Jetta, Vento; «¥βΰ¨ ;2;1
127;50600873;1H5 945 259;ƒΰγ――  ®­β β­ ο § ¤­¥£® δ®­ ΰο VW GOLF; «¥βΰ¨ ;1;1
128;50600855;1H6 857 147;@1H6 857 147 “—€ () „‹ GLOVE COM; «¥βΰ¨ ;2;1
129;50600753;204 012 060;€ AD ‹…‚ [+] 12V 62AH 480A 245*175*190; «¥βΰ¨ ;;1
130;50600916;2112-1148200;„ βη¨ ―®«®¦¥­¨¥ ¤ΰ®αα¥«μ­®© § α«®­¨ ‚€‡-21099; «¥βΰ¨ ;1;1
131;50600915;2112-1160010-01;…ƒ“‹’ „€‚‹… ’‹‚€ ‚€‡-2110-15; «¥βΰ¨ ;1;1
132;50600918;245-1006020;‚ €‘…„‚€‹€ ’€‚; «¥βΰ¨ ;1;1
133;50600919;2536308;…‘’… ‚„€ ‘„…’€ LANOS; «¥βΰ¨ ;1;1
134;50600879;3 131 090 055;„®―®«­¨β¥«μ­λ© ΰ¥§¨αβ®ΰ, α¨αβ¥¬  § ¦¨£ ­¨ο; «¥βΰ¨ ;4;1
135;50600815;3021.92D50;’¥ΰ¬®αβ β § ―ΰ®« ¤®ξ; «¥βΰ¨ ;1;1
136;50600882;3044140385;DELLO ……‹. ‘‚…’€ ‡/• R 19/21; «¥βΰ¨ ;1;1
137;50600869;333 945 257;€’ ‹€› ”€ ‡€„…ƒ VW PASSAT; «¥βΰ¨ ;1;1
138;50600858;357 121 267E;ΰ®­θβ¥©­ ΰ?―«¥­­ο ΰ ¤? β®ΰ  VW PASSAT; «¥βΰ¨ ;4;1
139;50600828;357 711 590 B;‚βγ«  ΰλη £  ―¥ΰ¥«ξη¥­¨ο ―¥ΰ¥¤ η; «¥βΰ¨ ;1;1
140;50600860;357 827 563;›€ ‡€€ €ƒ€†€ VW GOLF/ PASSAT; «¥βΰ¨ ;1;1
141;50600852;357 837 077B;« ­  ­ ―ΰ Ά«οξι ο αβ¥«®―®¤κρ¬­¨  VW PASSAT; «¥βΰ¨ ;4;1
142;50600872;357 837 235;“‘ ‚“’….“— VW PASSAT; «¥βΰ¨ ;1;1
143;50600848;357 867 180;“—€ VW PASSAT; «¥βΰ¨ ;1;1
144;50600843;357 881 671;@357881671 “’€ …ƒ“‹. ‹†…. ‡€€ ‘„… VW GOLF/VENTO 92-; «¥βΰ¨ ;2;1
145;50600867;357 945 258; „…†€’…‹ ‹€ ‡€„…ƒ ”€ VW PASSAT; «¥βΰ¨ ;1;1
146;50600846;3A5 827 503;‡€  €ƒ€†€ GOLF/ JETTA/ PASSAT; «¥βΰ¨ ;1;1
147;50600870;3B0 955 531;…‹… ‘’…‹—‘’’…‹; «¥βΰ¨ ;1;1
148;50600832;408-202-011-002Z;SIEMENS VDO 037906457C ’‹‹… •/• VAG  1.8-2.5 83-@; «¥βΰ¨ ;1;1
149;50600895;55591002;„ βη¨, β¥¬―¥ΰ βγΰ , ®ε« ¦¤ ξι ο ¦¨¤®αβμ ¤Ά¨£ β¥«ο; «¥βΰ¨ ;100;1
150;50600878;5DR004 241-451;…ƒ“‹’ €†. VW „‹ ƒ……€’€; «¥βΰ¨ ;2;1
151;50600840;701 827 162;‡€ „‚… ‡€„…‰ VW CADDY 04-08; «¥βΰ¨ ;3;1
152;50600839;701 827 635;‡€ „‚… ‡€„…‰ VW EUROVAN/TRANSPORTER; «¥βΰ¨ ;2;1
153;50600836;701 829 239 E;‡€ ‹€€›‰ EUROVAN 92-04 / TRANSPORTER 91-02; «¥βΰ¨ ;1;1
154;50600877;701 837 020A;γη  ¤Ά¥ΰ¨ Ά­γβΰ¥­­οο ―ΰ Ά ο VW T; «¥βΰ¨ ;2;1
155;50600866;701 945 257;‹€’€ ‡€„…ƒ ”€ VW EUROVAN; «¥βΰ¨ ;1;1
156;50600857;701 953 123;® ¦η¨ ―®Ά®ΰ®βγ vw golf iii, 92-; «¥βΰ¨ ;2;1
157;50600871;701 959 511;…‡‘’ „‹ ’€ ‚…’‹’€ ’’…‹ ‘€‹€ VW; «¥βΰ¨ ;1;1
158;50600835;702 837 016 E;‡€ „‚… €‚.…•€.……„.VW T4 90-03; «¥βΰ¨ ;1;1
159;50600826;733 652 041 002;…‹… ‚‹—… ‚’‚ RENAULT KANGOO; «¥βΰ¨ ;1;1
160;50600837;7D0 843 704 A;“—€ €‡„‚…†‰ „‚… €“†€ VW EUROVAN/TRANSPORTER; «¥βΰ¨ ;1;1
161;50600876;7D0 953 519;7D0953519 ……‹—. VW T4 96- (…‡ “€‚‹… ‘’…‹—. ‡€„. ‘’…‹€); «¥βΰ¨ ;1;1
162;50600864;7M0 951 253A;"7M0951253A …‹… ’‚‚. “‘’€.  ‡€“‘€ GOLF,PASSAT,T2,VENTO; AUDI 100 81-@"; «¥βΰ¨ ;1;1
163;50600913;9432,3702;€‚’‹€ …‹…’€ …ƒ“‹’ €†…; «¥βΰ¨ ;1;1
164;50600900;96183235;„† €’€ „€’— ‹†…. ‚€‹€ €’“. DAEWOO NUBIRA  (KLAJ) - 1.6 16V; «¥βΰ¨ ;2;1
165;50600904;96190259;„† €’€ ‚„‰ €‘‘, ‘‘’…€ —‘’  DAEWOO-LEGANZA (KLAV)-199706/20040; «¥βΰ¨ ;1;1
166;50600921;96500023;†ƒ“’ ‚„‚  €ƒ€†€ DAEWOO SENS; «¥βΰ¨ ;1;1
167;50600914;9702,3702;€‚’‹€ …‹…’€ …ƒ“‹’ €†…; «¥βΰ¨ ;1;1
168;50600905;993784025;€ ’.‹.(0 580 453 408/443) FORD/MAZDA/HONDA/MITSUB.; «¥βΰ¨ ;1;1
169;50600889;A 001 988 80 81;‘’ …‹… €‹€„ „‚… MERCEDES BENZ; «¥βΰ¨ ;1;1
170;50600910;A-245.3841010.01;®¬―«¥β ―ΰ¨Ά®¤  α―¨¤®¬¥βΰ  ¨ α®΅λ ‡€‡ (’ Άΰ¨ο, ‘« Άγβ , ‘¥­α); «¥βΰ¨ ;1;1
171;50600901;AM-09-ST;„† €’€ ‹…’. € ’‹‚€ Fiat, Lancia; «¥βΰ¨ ;1;1
172;50600748;CAF100806P;AUDI A3 II1.9 TDI77 (105)05/03-2.0 TDIVW TOURAN1.9 TDI2.0 TDIAZV0; «¥βΰ¨ ;1;1
173;50600746;CFF100416;OPEL VIVARO, RENAULT MASTER, TRAFIC II 1.9DCI 01->; «¥βΰ¨ ;1;1
174;50600782;CH196;‘‚…—€ €€‹€ CONNECT 1.8TDCI; «¥βΰ¨ ;4;1
175;50600830;D695O01;”€€ ’‚’“€€ € „…“ …‘… ; «¥βΰ¨ ;1;1
176;50600898;DK38-0400;„† €’€ ‚„ “‚€ 400€, 3¬ (-50‘); «¥βΰ¨ ;2;1
177;50600902;DK8021-AF-12V; α®α β®―«./―¥ΰ¥ η., ―®£ΰγ¦­®©, D=50 12‚  «ξ¬¨­. ®ΰ―γα, α δ¨«μβΰ®¬, ; «¥βΰ¨ ;1;1
178;50600903;DK8021-AF-24V; α®α β®―«./―¥ΰ¥ η., ―®£ΰγ¦­®©, D=50 24‚  «ξ¬¨­. ®ΰ―γα, α δ¨«μβΰ®¬, ; «¥βΰ¨ ;1;1
179;50600831;E2001832;‡…€‹ ‡€„…ƒ ‚„€ ‚€‡ ; «¥βΰ¨ ;1;1
180;50600762;EPS1.830.086;; «¥βΰ¨ ;;1
181;50600938;EXTREME 100 A;EXTREME € 6CT-100 (0) KAMINA START; «¥βΰ¨ ;1;1
182;50600937;EXTREME 100A;EXTREME € 6CT-100 (0) ULTRA START (SMF); «¥βΰ¨ ;1;1
183;50600930;EXTREME 45 A;EXTREME € 6CT-45 (0) EXTREME JIS  KAMINA START; «¥βΰ¨ ;1;1
184;50600931;EXTREME 45A;EXTREME € 6CT-45 (1) KAMINA START; «¥βΰ¨ ;1;1
185;50600941;EXTREME 50A;EXTREME € 6CT-50 (0) ULTRA START (SMF); «¥βΰ¨ ;1;1
186;50600933;EXTREME 60 A;EXTREME € 6CT-60 (0) KAMINA START; «¥βΰ¨ ;1;1
187;50600932;EXTREME 60A;EXTREME € 6CT-60 (1) KAMINA START; «¥βΰ¨ ;1;1
188;50600940;EXTREME 62 A;EXTREME € 6CT-60 (0) ULTRA START; «¥βΰ¨ ;1;1
189;50600939;EXTREME 62A;EXTREME € 6CT-60 (1) ULTRA START; «¥βΰ¨ ;1;1
190;50600934;EXTREME 75A;EXTREME € 6CT-75 (0) KAMINA START; «¥βΰ¨ ;1;1
191;50600935;EXTREME 77A;EXTREME € 6CT-77 (0) ULTRA START (SMF); «¥βΰ¨ ;1;1
192;50600936;EXTREME 80 A;EXTREME € 6CT-80 (0) ULTRA START (SMF); «¥βΰ¨ ;1;1
193;50600908;FAE77009;‹„€-‡„; «¥βΰ¨ ;1;1
194;50600775;FE30616;„€’— ’……€’“› -€ •‹€†„. VW-Audi Alhambra,Arosa,Caddy 2,Caddy 2 Kas; «¥βΰ¨ ;;1
195;50600825;FE30950;……‹. ‚’‚ VW T4 9/90-6/95@^; «¥βΰ¨ ;1;1
196;50600576;HP100 191;025906041A „€’— ’……€’“› ‚„› VW α¨­¨©@$^; «¥βΰ¨ ;1;1
197;50600364;HP100 345;028919081D „€’— „€‚‹. €‘‹€ VW , 1.6mpi  SKODA@^; «¥βΰ¨ ;3;1
198;50600573;HP101 508;068919081A „€’— „€‚‹. €‘‹€ (“‹’…… ‹‘.) 0,9bar (‡…‹π.) @^21-0115; «¥βΰ¨ ;;1
199;50600868;HP101 551;070903803A …ƒ“‹’ €†. 32mm VW AUDI BMW OPEL 1,05-2,4 A (BOSCH)@^; «¥βΰ¨ ;1;1
200;50600874;HP102 977;191959481C85 ’………‹. 2-• ‘. 102-92/95-85ψC AUDI, VW, SEAT, SKODA 83-00@; «¥βΰ¨ ;1;1
201;50600377;HP103 158;"1H5955651 €‘‘ ‘›‘‚€’. (—‘’ ‘’…‹) VW VENTO 92-; PASSAT 91-@^"; «¥βΰ¨ ;1;1
202;50600694;HP104 108;701919369D „€’— ’……€’“› ‚„› VW T4 1,8/2,0 (4-• ’. /—…. ‘ ƒ‹“.)@^; «¥βΰ¨ ;1;1
203;50600844;HP104 115;701953519 ……‹. ‘’…‹—‘. VW T4 9/90-6/95@^; «¥βΰ¨ ;2;1
204;50600759;K16TT;"‘‚…—€ ‡€†ƒ€ Twin Tip (–…€ ‡€ 1 ’.) FIAT Punto;KIA Picanto"; «¥βΰ¨ ;4;1
205;50600212;K20PBRS10;DENSO ‘‚…—€ ISKR VAG (SZT ); «¥βΰ¨ ;4;1
206;50600911;KP0021;…‹… DAEWOO LANOS, NUBIRA, LEGANZA ,MATIZ; «¥βΰ¨ ;1;1
207;50600887;KPS-012-1;MIFLET „€‚‹… „…‘€’€ ‚ €’“€•; «¥βΰ¨ ;1;1
208;50600787;MN1500;DURACELL  AA (LR6); «¥βΰ¨ ;17;1
209;50600023;Q20PRU;‘‚…—€ ‡€†ƒ€ (–…€ ‡€ 1 ’.) [V-LINE N.11]; «¥βΰ¨ ;4;1
210;50600824;RC-FD545             0640;"NGK -’ ‚„‚ ‡€†ƒ. FORD Scorpio 2,0 94-; Trasit 2,0 95-"; «¥βΰ¨ ;1;1
211;50600899;SL-3001;„† €’€ ‘ƒ€‹ “‹’€ ‘‰ 12 V; «¥βΰ¨ ;2;1
212;50600912;SS1010;AS-PL ’ƒ‚… …‹…; «¥βΰ¨ ;1;1
213;50600859;V10-08-0202;@€ ‘›‘‚€’. ‘’…‹ Ford (GALAXY) Seat (ALHAMBRA,IBIZA I,IBIZA II,INCA) Vo; «¥βΰ¨ ;1;1
214;50600885;V10-72-0909;025906041A „€’— ’……€’“› ‚„› VW PASSAT,POLO 88-  (β¥¬­®α¨­¨©); «¥βΰ¨ ;1;1
215;50600948;VARTA D47;VARTA D47 12V 60AH 540A  €€“‹’ \“; «¥βΰ¨ ;1;1
216;50600758;W16EPRU11;‘‚…—€ ‡€†ƒ€ (–…€ ‡€ 1 ’.) [V-LINE N.6]; «¥βΰ¨ ;4;1
217;50600927;-12013;’“‚ €‚’‹€ ……‘€ ‹€€ (“‚€—+‹… €““‹’€); «¥βΰ¨ ;2;1
218;50700656;17670A80D00-000;„† €’€ ’…‘’€’, •‹€†„€™€ †„‘’ DAEWOO MATIZ/ TICO;ε« ¦¤¥­¨¥;1;1
219;50700646;191 819 707B;‚‘’€‚€ “ …—“;ε« ¦¤¥­¨¥;2;1
220;50700641;327 959 455A;‚…’‹’ €„€’€ AUDI 80 (SF/RU) VW PASSAT 2,0 (9A/2E) 88-;ε« ¦¤¥­¨¥;1;1
221;50700652;7700105378;€ ‚„› RENAULT Clio 1,4 16v/1,6 16v 98-;ε« ¦¤¥­¨¥;1;1
222;50700643;8EW009 100-341;›‹—€’€ ‚…’‹’€ Transporter IV 90-00;ε« ¦¤¥­¨¥;2;1
223;50700657;90184823;GM γδβ /δ« ­¥ζ ΰγ«¥Ά®© ΰ¥©¨ Opel ;ε« ¦¤¥­¨¥;1;1
224;50700655;96407677;„† €’€ ’…‘’€’, •‹€†„€™€ †„‘’ CHEVROLET-AVEO €‹€ ‡€„ —€‘’;ε« ¦¤¥­¨¥;3;1
225;50700607;EVR65412;"06A121011C/E/H € ‚„› AUDI A3 1,8 (AGN/AGU) 96-; GOLF IV 1,8; OCTAVIA@AVIK";ε« ¦¤¥­¨¥;1;1
226;50700647;HP103 135;1H0959455 WG ‚…’‹’ €„€’€ VW Golf (AAM/ABF/ABS/1Z/2E) 91-@^;ε« ¦¤¥­¨¥;1;1
227;50700645;HP103 428;"321959511A ……‹. …— VW GOLF 83-90; T4 („…‹ ‘ „.)";ε« ¦¤¥­¨¥;1;1
228;50700518;HP107 304;037121058A €’“. …‡. (€„€’ €‘‹€/‹€ƒ …’€‹.) VW PASSAT 1,6D/1,9D (;ε« ¦¤¥­¨¥;4;1
229;50700642;SW30919774;…‡‘’ ‚…’. ‘€‹€;ε« ¦¤¥­¨¥;1;1
230;50700658;T80-950000;’…‘’€’ ‘‹€‚“’€/ ‘…‘;ε« ¦¤¥­¨¥;1;1
231;50700240;WA4236.88D;WAHLER ’…‘’€’ 88ψC BMW 518i-520i-525i- 11/91- (M40,43,50,(M52 91-)@^;ε« ¦¤¥­¨¥;1;1
232;50700599;WA4253.87D;WAHLER ’…‘’€’ 87ψC VW GOLF/VENTO/PASSAT  91-;ε« ¦¤¥­¨¥;1;1
233;50700046;WA4264.87D;WAHLER ’…‘’€’ 87ψC VW 1,9D/TD 91-, A2 1,2-1,4 00-05, A4,A6,ROOMSTER,OCTAVI @^;ε« ¦¤¥­¨¥;1;1
234;50700608;‘117;DOLZ ‚„€ € ;ε« ¦¤¥­¨¥;;1
235;50801079;026 103 469E;€ ƒ– AU-VW; §­®¥ ―® ¤Ά¨£ β¥«ξ;1;1
236;50801081;044 109 126C;†“• ƒ VW EUROVAN/ TRANSPORTER; §­®¥ ―® ¤Ά¨£ β¥«ξ;1;1
237;50801082;22-39001B;-’ ‹’‚ ƒ‹. (10 ’.) VW/AUDI 0,9-2,0 (‘ €‰€); §­®¥ ―® ¤Ά¨£ β¥«ξ;1;1
238;50801057;24376-4A030;‹€€ €’†’…‹ –… €‹€‘ƒ ‚€‹€ KIA SORENTO 2.5CRDI 07; §­®¥ ―® ¤Ά¨£ β¥«ξ;1;1
239;50801056;24388-4A030;‹€€ €’†’…‹ –… ƒ KIA SORENTO 2.5CRDI 07; §­®¥ ―® ¤Ά¨£ β¥«ξ;1;1
240;50801084;4642/BMAR;053109611 ‹€€ ‚›. AUDI A4,A6 / VW GOLF,T4 1.8-2.8 (ABC) 33.2x8x91.2@; §­®¥ ―® ¤Ά¨£ β¥«ξ;4;1
241;50801083;4643/SCR;048109601A ‹€. ‚“‘. AUDI A4,A6 VW GOLF,T4 1.8-2.8 (ABC) 39.5x8x91.9@; §­®¥ ―® ¤Ά¨£ β¥«ξ;4;1
242;50801035;5393;ZEN “”’€ ƒ……€’€  ; §­®¥ ―® ¤Ά¨£ β¥«ξ;1;1
243;50801094;90231882;GENERAL MOTORS …‘’… ‚€‹€ €‘. DAEWOO NEXIA 1.5 SOHC 94-, LANOS 1.5 SOHC 97-; §­®¥ ―® ¤Ά¨£ β¥«ξ;1;1
244;50801095;93740241;GENUINE ‚« ¤λθ¨ θ βγ­­λ¥ ‹ ­®α €Ά¥® ‹ η¥ββ¨ 1.5, 1.6. + 0.25mm; §­®¥ ―® ¤Ά¨£ β¥«ξ;1;1
245;50801097;93744675;¥£γ«οβ®ΰ ε®«®αβ®£® ε®¤γ CHEVROLET-KALOS-200503/-1851872032; §­®¥ ―® ¤Ά¨£ β¥«ξ;1;1
246;50801096;96182951;›€ (†.) … €‘. DAEWOO NEXIA 1.5I SOHC 94-, LANOS 1.5I, 1.4I SOHC 9; §­®¥ ―® ¤Ά¨£ β¥«ξ;1;1
247;50801093;96182952;›€ (‚…•.) … €‘. DAEWOO NEXIA 1.5I SOHC 94-, LANOS 1.5I, 1.4I SOHC; §­®¥ ―® ¤Ά¨£ β¥«ξ;1;1
248;50801099;96221086;’…‰  „‚ƒ€’…‹ ‡€„‰ LANOS (T100); §­®¥ ―® ¤Ά¨£ β¥«ξ;1;1
249;50801098;96838024;GENERAL MOTORS €‘…„…‹’…‹›‰ ‚€‹ DAEWOO LANOS 97 ->  1.5; §­®¥ ―® ¤Ά¨£ β¥«ξ;1;1
250;50800762;E60005;"0614526 …‘’… ‚€‹€ €’“H. OPEL  OHC 1.2/ 1,4 /1,6 91--; DAEWOO NEXIA 1.5@^ MG"; §­®¥ ―® ¤Ά¨£ β¥«ξ;1;1
251;50801080;FE03604;050129761F „‘’€‚€ €. VW mono Ά―ΰλα; §­®¥ ―® ¤Ά¨£ β¥«ξ;3;1
252;50801024;GAT K015323XS;-’ ……‰ €‘. AUDI 100 / VW LT   2.0D/TD  VW (GT T43049-1’ + GT T43048-1’ + GT T43047-1’ + GT 5494XS-1’; §­®¥ ―® ¤Ά¨£ β¥«ξ;2;1
253;50801029;GATK075491XS;GOETZE ‹ €’†’; §­®¥ ―® ¤Ά¨£ β¥«ξ;1;1
254;50801027;GATT42070;‹ … ƒ ‚„‰ PG 206, 306, 307, 406, 607, BOXER, EXPER; §­®¥ ―® ¤Ά¨£ β¥«ξ;3;1
255;50800986;GT 3225-00050 3,2MM;« ­£ β®―«¨Ά­λ© 3,2 ¬¬; §­®¥ ―® ¤Ά¨£ β¥«ξ;15;1
256;50801019;GT 3225-00051 4.0MM;« ­£ β®―«¨Ά­λ© 4 ¬¬; §­®¥ ―® ¤Ά¨£ β¥«ξ;14,5;1
257;50801020;GT 3225-00052 6.0MM;« ­£ β®―«¨Ά­λ© 6 ¬¬; §­®¥ ―® ¤Ά¨£ β¥«ξ;13,5;1
258;50801021;GT 3225-00053 8.0MM;« ­£ β®―«¨Ά­λ© 8 ¬¬; §­®¥ ―® ¤Ά¨£ β¥«ξ;2;1
259;50801022;GT 3225-00054 10.0MM;« ­£ β®―«¨Ά­λ© 10 ¬¬; §­®¥ ―® ¤Ά¨£ β¥«ξ;12;1
260;50801023;GT 3225-00055 5.0MM;« ­£ β®―«¨Ά­λ© 5 ¬¬; §­®¥ ―® ¤Ά¨£ β¥«ξ;15;1
261;50801025;GT 3225-00056 7.0MM;« ­£ β®―«¨Ά­λ© 7 ¬¬; §­®¥ ―® ¤Ά¨£ β¥«ξ;11,5;1
262;50800717;HP101 024;053103663 “‹’…… ™“€ €‘‹€ VW 1,5-1,8@$^; §­®¥ ―® ¤Ά¨£ β¥«ξ;9;1
263;50801030;PR 1014-0194;‹ €€‚‹. ƒ ESPERO 1.5 95-, LANOS 1.5,1.6 97-, NEXIA 1.5 97-@AVIK; §­®¥ ―® ¤Ά¨£ β¥«ξ;1;1
264;50901698;0 450 905 030;"=.063,202 ”‹’ ’‹‚€ VW (… ‚“—.)R19,21,25;PEUGEOT 405";”¨«μβΰ;1;1
265;50901504;0 450 905 930;"6110920201 ”‹’ ’‹‚€ DB A160/170CDI;VITO/SPRINTER 12/98-";”¨«μβΰ;1;1
266;50901568;1 987 432 361;”‹’ ‘€‹€ “ƒ‹. BMW ‘… 5 95-;”¨«μβΰ;1;1
267;50901555;100 127 0007;”‹’ ’‹. AUDI A3/GOLF IV 1,9TDI/SKODA OCTAVIA 1.9SDI/TDI 96@^;”¨«μβΰ;3;1
268;50901529;1109AP;=.089 ”‹’ €‘‹€ PEUGEOT 95-;”¨«μβΰ;10;1
269;50901605;1H0 819 638C;€€ ”‹’€;”¨«μβΰ;1;1
270;50901502;AF-9420;”‹’ ‚‡„. VW T4 2.0, 2.5, 2.8 VR6 94-, 1.9TD, 2.5D 96-@JPCV Ά ¤ΰ β PRF ^;”¨«μβΰ;5;1
271;50901249;B21060PR;”‹’ ‚‡„. NISSAN ALMERA 1.5DCI N16 03.01-, KUBISTAR 1.5DCI 03.07-, RENAU;”¨«μβΰ;1;1
272;50900846;B3F029PR;”‹’ ’‹‚€ FIAT 1,9/2.4 JTD 00- (OE. 46797378)@MOTB FN158;”¨«μβΰ;1;1
273;50901503;BSG 60-130-001;"=KL100/1  KNECHT ”‹’ ’‹‚€ DB A160/170CDI;VITO/SPRINTER 12/98-@AVIK";”¨«μβΰ;3;1
274;50901342;C119;"CHAMPION ”‹’ €‘‹€ LT 28-55 2,4D/TD 83-; T4 2,4D/2,5 …‡. VOLVO 740-760";”¨«μβΰ;1;1
275;50901620;DK55/3;„† €’€ ”‹’ ’‹‚€ CHEVROLET LACETTI 1.4-1.8 03/05-, MATIZ 0.8 03/05-;”¨«μβΰ;4;1
276;50901621;DK7129;„† €’€ ”‹’ €‘‹€ OPEL 1.8/2.5 98-/ DAEWOO LANOS, NEXIA, CHEVROLET AVEO/ LACETTI;”¨«μβΰ;5;1
277;50901622;DK8029;"„† €’€ ”‹’ ’‹‚€ ƒ€‡-3302/ VW/ SKODA/ AUDI A3 1.6, 1.8T 20V, TT 1.8T 20V; SEAT TOLEDO II 1.6";”¨«μβΰ;4;1
278;50901528;DN 253;”‹’ ’‹‚€ ;”¨«μβΰ;2;1
279;50901505;DN1908;”‹’ ’‹‚€ MERCEDES  C220CDI (W203) 03-, VIANO 2.0CDI, 2.2CDI;”¨«μβΰ;5;1
280;50901681;HU68X;”‹’ €‘‹€ MERCEDES SMART;”¨«μβΰ;1;1
281;50901566;KL147D;KNECHT ”‹’ ’‹. AUDI A3/GOLF IV 1,9TDI/SKODA OCTAVIA 1.9SDI/TDI 96- @AVIK;”¨«μβΰ;1;1
282;50901170;KL228/2D;"KNECHT ”‹’ ’‹‚€ DB E 200/220 CDI;VIANO 2.0 CDI;VITO 109/111 CDI 03-@";”¨«μβΰ;1;1
283;50901168;KX63/1;”‹’ ’‹‚€ PEUGEOT DIESEL 93-, SCUDO 1.9D/TD 02/96-;”¨«μβΰ;;1
284;50901450;L413;”‹’ ’‹‚€ KANGOO 1.9D F8Q ’‹‚€ ‘‘’…€ LUCAS;”¨«μβΰ;1;1
285;50901556;LA93;”‹’ ‘€‹€ AUDI A4/6 7/99-;”¨«μβΰ;1;1
286;50901515;LX330;”‹’ ‚‡„. RENAULT 19,MEGANE 1.9D;”¨«μβΰ;1;1
287;50901706;LX439/1;=LX439 KNECHT ”‹’ ‚‡„. DB W202 (‚‘… „…‹)@ AVIK;”¨«μβΰ;;1
288;50901491;LX622;=LX422=LX448 KNECHT ”‹’ ‚‡„. AUDI A4 94-,PASSAT 10/96-@ AVIK;”¨«μβΰ;1;1
289;50900076;OC105;"”‹’ €‘‹€ LT 28-55 2,4D/TD 83-; T4 2,4D/2,5 …‡. VOLVO 740-760 (D24T)";”¨«μβΰ;1;1
290;50901557;OC485;”‹’ €‘‹€ VW/AUDI A4 2,6/2,8E V6 94-;”¨«μβΰ;1;1
291;50900819;OC90OF;KNECHT ”‹’ €‘‹€ OPEL …‡. 85- (…‡ “€‚) @;”¨«μβΰ;4;1
292;50901540;OC976;=OC310  KNECHT ”‹’ €‘‹€ CITROEN/FIAT/TOYOTA 1.9D/2.0HDI 07/9@AVIK;”¨«μβΰ;1;1
293;50901521;OX143D OEKO;"KNECHT ”‹’ €‘‹€ AUDI A3 1,9TDI 96-;OCTAVIA 1.9SDI/TDI 96-@AVIK";”¨«μβΰ;2;1
294;50900847;OX153D3 OEKO;KNECHT ”‹’ €‘‹€ DB C220 CDI@ AVIK;”¨«μβΰ;1;1
295;50901149;OX156D OEKO;KNECHT ”‹’ €‘‹€ BMW 530D/730D 10/98-@;”¨«μβΰ;;1
296;50901629;PAC-010PMC;”‹’ ‚‡„. LEGANZA;”¨«μβΰ;1;1
297;50901506;PF-1116;"”‹’ ’‹‚€ DB A160/170CDI;VITO/SPRINTER 12/98-@AVIK";”¨«μβΰ;6;1
298;50901483;PR 1511-0304;”‹’ ‚‡„“›‰ ALFA ROMEO 145, 146 95-01, FIAT BRAVA, BRAVO 95-;”¨«μβΰ;1;1
299;50901485;PR 1511-0601;”‹’ ‚‡„“›‰ MERCEDES W201 82-93, W124 85-93;”¨«μβΰ;1;1
300;50901471;PR 1511-1003;”‹’ ‚‡„“›‰ VW TRANSPORTER (T4) 90-03;”¨«μβΰ;1;1
301;50901457;PR 1512-1007;”‹’ ‚‡„“›‰ VW GOLF, JETTA 87-91, PASSAT 88-97, AUDI 100, A6;”¨«μβΰ;1;1
302;50901455;PR 1512-2637;”‹’ ‚‡„“›‰ BMW X5 04-;”¨«μβΰ;1;1
303;50901558;PR 1520-0802;”‹’ ‘€‹€ RENAULT KANGOO II 1.6 16V, 1.5DCI 02/08-;”¨«μβΰ;1;1
304;50901446;PR 1530-1047;”‹’ ’‹‚›‰ VW GOLF, JETTA, VENTO 83-99, PASSAT 88-97, LT 28;”¨«μβΰ;1;1
305;50901451;PR 1530-2677;”‹’ ’‹‚›‰ SEAT ALTEA 05-. LEON 05-. TOLEDO 05- (TDI) SKODA;”¨«μβΰ;1;1
306;50901447;PR 1531-0622;”‹’ ’‹‚›‰ MERCEDES W202, W210 W124, SPRINTER 83-06;”¨«μβΰ;1;1
307;50901563;PR 1535-0002;”‹’ ’‹. HYUNDAI  ACCENT;”¨«μβΰ;1;1
308;50901480;PR 1541-0311;”‹’ €‘‹›‰ FIAT DOBLO 05-. PUNTO 03-. IDEA 07-. LINEA 07-. P;”¨«μβΰ;1;1
309;50901553;PR 1541-0631;”‹’ €‘‹€ MERCEDES SPRINTER 208-412 2.9D;”¨«μβΰ;2;1
310;50901507;PX A1050;VW ‚‹€„ ”‹’€ ‚‡„.;”¨«μβΰ;3;1
311;50901513;SB2187; SCT ”‹’ ‚‡„. 2187;”¨«μβΰ;2;1
312;50901460;U628;"CHAMPION ”‹’ ‚‡„. DB 200E W124 10/92-5/93;E200/220 W124";”¨«μβΰ;1;1
313;50901462;U640;"OPEL CORSA B 1.0-1.6 16V 94-; TIGRA 1.4-1.6 94-";”¨«μβΰ;1;1
314;50901463;U663;CHAMPION ”‹’ ‚‡„. FORD FIESTA 1,8D/TD 3/94-;”¨«μβΰ;1;1
315;50901465;U718;CHAMPION ”‹’ ‚‡„. OPEL Corsa C 9/00-;”¨«μβΰ;1;1
316;50901466;U738;”‹’ ‚‡„. Ford Mondeo 1.8i, 2.0i, 2.0DI, 2.5i V6 11/00-;”¨«μβΰ;1;1
317;50901468;U757;”‹’ ‚‡„“›‰ RENAULT KANGOO 1.9D(F8Q.632) 98-;”¨«μβΰ;1;1
318;50901454;WA6174;”‹’ ‚‡„. MERCEDES 250D, 250TD ‘… W124, 250 GD (’. OM602.931);”¨«μβΰ;1;1
319;50901453;WA6175;WIXFILTRON ”‹’ ‚‡„. MERCEDES 300D ‘… W124, 300GD 6 –‹, 350GDT;”¨«μβΰ;1;1
320;50901456;WA6220;"”‹’ ‚‡„. AUDI A4 1.8I 20V, 1.9TDI, A6 1.8T, 2.4I; BMW 530I V8";”¨«μβΰ;1;1
321;50901464;WA6337;”‹’ ‚‡„. OPEL VECTRA 1.6I 8V, 1.6I 16V (’. 1598CC. 75/100HP);”¨«μβΰ;1;1
322;50901547;WA6406WIX;”‹’ ‚‡„. FORD TRANSIT FT 160, 190 2.5D -88, 1.6, 2.0 -91;”¨«μβΰ;1;1
323;50901448;WF8068;”‹’ ’‹‚€ FIAT BRAVO, BRAVA 1.9D DIESEL S, SX 9/95-, TIPO ‚‘… „…‹;”¨«μβΰ;1;1
324;50901328;WF8388WIX;”‹’ ’‹‚€ VW/AUDI 1.9/2.0 TDI  05/03-;”¨«μβΰ;1;1
325;50901526;WL7505;”‹’ €‘‹€ BMW 318/320TD  09/2001-;”¨«μβΰ;1;1
326;50901473;X103;CHAMPION  ”‹’ €‘‹€ DB W124/201 DIESEL OM601, 602;”¨«μβΰ;1;1
327;50901474;XE507;CHAMPION  ”‹’ €‘‹€ OPEL VECTRA B 2.0TDI/2.2TDI@AVIK;”¨«μβΰ;1;1
328;50901475;XE508;CHAMPION ”‹’ €‘‹€ DB C220 CDI MERCEDES;”¨«μβΰ;1;1
329;50901476;XE515;CHAMPION  ”‹’ €‘‹€ VW SHARAN/GALAXY 2,8-VR6, TOUAREG 3,2i,3,6 FSI @ AVIK;”¨«μβΰ;1;1
330;50901478;XE529;"”‹’ €‘‹€ CITROEN C2, C3, XSARA 1.4 HDI; FORD FIESTA V 1.4 (03/02-), FOCU";”¨«μβΰ;1;1
331;50901484;XE555;MERCEDES A CLASS A160CDI, A170CDI;”¨«μβΰ;1;1
332;51000287;1878 006 442;„‘ ‘–…‹…. D200mm  RENAULT 19/21/VOLVO 440-480 MITSU CARISMA 1.6/1.7 83-@;‘ζ¥―«¥­¨¥ ¨ ;1;1
333;51000304;1H0 711 116A;1H0711116A ’ƒ€ ……‹. ……„. VW Golf/Vento;‘ζ¥―«¥­¨¥ ¨ ;1;1
334;51000300;323 0339 10;„‘ ‘–…‹…. D228mm SKODA OCTAVIA (AGR) 1,9TDI VW GOLF 3/4,CADYY,PASSAT 93-@;‘ζ¥―«¥­¨¥ ¨ ;2;1
335;51000308;DK.16.620.0605;„† €’€ -’ ‘–…‹…. D203mm Daewoo lanos 1,5 8V 97- ;‘ζ¥―«¥­¨¥ ¨ ;1;1
336;51000301;HP107 397;02A409197 …‘’… ‘„…’€ VW Passat 88- (. 4+5 ……„.)@^;‘ζ¥―«¥­¨¥ ¨ ;1;1
337;51000299;HP107 535;095409197A …‘’… ‘„…’€ Golf/Passat/A3/Octavia 1.6-2.3 91- (€‚’.)@^;‘ζ¥―«¥­¨¥ ¨ ;2;1
338;51000106;HP107 673;191798211S …. -’ ’ƒ ……‹. ……„. VW GOLF JETTA 1,6-1,8 83-91@^;‘ζ¥―«¥­¨¥ ¨ ;1;1
339;51000302;HP108 575;191721559 ‚’“‹€ …„€‹ ‘–…‹…. VW POLO GOLF 1,05-1,8 83-91;‘ζ¥―«¥­¨¥ ¨ ;2;1
340;51000286;HP108 836;1J0711803C ’…‰ ……‹. ……„. Golf 97-, Bora 97-, A3 1.6 96-, Toledo 98-,;‘ζ¥―«¥­¨¥ ¨ ;1;1
341;51000312;HP201 534;0724414 …‘’… ‚. ’‘€ ‘„.OPEL (. F10/F13/F16)-13z@^;‘ζ¥―«¥­¨¥ ¨ ;1;1
342;51100267;171 721 555;’‘ …„€‹ ƒ€‡€ ƒ‹” 2;’ΰ®αλ;1;1
343;51100268;1H0 721 555D;1H0721555D ’‘ ƒ€‡€ VW GOLF/VENTO 1,4-1,6 91-;’ΰ®αλ;1;1
344;51100269;1H1 721 335A;1H1721335A ’‘ ‘–…‹…. VW GOLF/VENTO 91-92  (L=854);’ΰ®αλ;2;1
345;51100270;357 957 803A;357957803A ’‘ ‘„…’€ VW Passat 93-;’ΰ®αλ;2;1
346;51100271;701 609 701;701609701 ’‘ ’. “—ƒ (‹…‚. €‚.) VW T4 91-;’ΰ®αλ;1;1
347;51100226;AD27.0217;6015201185 ’‘ ’. “—ƒ DB 207/310 77- (‡€„‰) L=1806;’ΰ®αλ;;1
348;51100275;C70011D;’‘ ’. (‹…‚., ‡€„.) DAEWOO NUBIRA I,II;’ΰ®αλ;1;1
349;51100274;C70012D;’‘ ’. (€‚., ‡€„.) DAEWOO NUBIRA I,II;’ΰ®αλ;1;1
350;51100260;NK903698;NK ’‘ ’. “—ƒ OPEL ASTRA / Zafira ‚‘… (‹„. ’.) 98- ’‰@^;’ΰ®αλ;3;1
351;51206099;0206-01-0229P;1H0199609E „“€ „‚ƒ. ……„. VW GOLF/VENTO 1,4/1,6 (ABD/ABU) 91-;®¤Ά¥α ;1;1
352;51206092;0206-01-0238P;701199201G „“€ „‚ƒ. /‹ VW T4 1,9D/TD (1X/ABL) 91-;®¤Ά¥α ;3;1
353;51206159;0206-01-3003P;"3A0199402 „“€ „‚ƒ. (‹…‚.) VW GOLF 2,0-16V/2,8VR6;PASSAT 1,6/1,8/1,";®¤Ά¥α ;1;1
354;51206161;027 145 531A;’…‰ …‹… VW GOLF;®¤Ά¥α ;1;1
355;51206192;2875013;„† €’€ „“€ ’. ‘’€‹‡€’€ DAEWOO (ESPERO,LANOS;®¤Ά¥α ;10;1
356;51206122;037 133 374F;‚’“‹€ “‹’’…‹€ ‹€€€ •‹‘’ƒ •„€ VW T;®¤Ά¥α ;9;1
357;51206106;191 407 181A GP;FE07857 ‘€‰‹…’‹ ›—€ƒ€ VW GOLF 84-;®¤Ά¥α ;1;1
358;51206097;191 419 811;€— ……—‰ “‹…‚‰ ’ƒ ‹…‚‰ € ƒ‹” 2;®¤Ά¥α ;1;1
359;51206096;191 419 812;€…— ……—›‰ “‹…‚‰ ’ƒ €‚›‰ € ƒ‹” 2;®¤Ά¥α ;2;1
360;51203887;2104008;FORMPART 364050 €‹…– ›—€ƒ€ †. PEUGEOT PARTNER (…‡ ƒ/“) 18MM;®¤Ά¥α ;;1
361;51206125;251 501 131A;251501131A ‹……’› „‚…‘ VW TRANSPORTER III;®¤Ά¥α ;1;1
362;51205906;2K0511171B;‚βγ«  Ά α¥ΰμ£γ § ¤.ΰ¥αα®ΰλ 03-;®¤Ά¥α ;2;1
363;51206105;357 407 182 DELLO;"FE07856  ‘€‰‹…H’‹K ›—€ƒ€ VW GOLF 83-; PASSAT 4 /88-";®¤Ά¥α ;3;1
364;51206087;357 411 313;O „“€ ‘’€‹‡€’€ (‚“’. ‹…‚.) [D21MM] VW PASSAT 1,6-1,8/1,6D/1,9LIM. 88-;®¤Ά¥α ;1;1
365;51206090;3A0 199 402;„“€ „‚ƒ. VW GOLF 3,PASSAT 2,TOLEDO1,VENTO@;®¤Ά¥α ;1;1
366;51206132;3A0 501 541;=357501541A ‘€‰‹…’‹ ‡€„. €‹ VW PASSAT 88-;®¤Ά¥α ;4;1
367;51206120;4707-04-1077P;191411329 „“€ …‡. …‹. ’. ‘’€‹‡€’€  ›—€ƒ“ VW GOLF;®¤Ά¥α ;10;1
368;51206121;4707-04-1078P;701411041 ‚’“‹€ ‘’€‹‡€’€ ‚“’. VW T4 91-;®¤Ά¥α ;2;1
369;51206093;4708-12-1080P;"‘€‰‹…’‹ (……„.) ›—€ƒ€ ……„. GOLF 83-; PASSAT 4 /88- @  PRF ^ DE";®¤Ά¥α ;8;1
370;51206124;4708-12-3003P;701407183 ‘€‰‹…’‹ †. ›—€ƒ€ ……„. VW T4 91-96;®¤Ά¥α ;6;1
371;51206094;4708-12-3016P;7D0407183 ‘€‰‹…’‹ †. ›—€ƒ€ ……„. VW T4 96-@PRF;®¤Ά¥α ;2;1
372;51206100;4908-08-0113P;‡€™’€ “‹. ‹. ‹/ VW T4 90- L=120/D1=25/D2=46;®¤Ά¥α ;3;1
373;51206088;5103-01-0001P;"357413175A ‡€™’€ €’‡€’€ ……„. VW GOLF;PASSAT 93-, GOLF IV, BORA, A";®¤Ά¥α ;2;1
374;51202421;701 511 413;…‡€ ‘’€‹‡€’€ ‡€„. VW T4 (4 θβ.);®¤Ά¥α ;6;1
375;51206098;701 513 121;€‰€ …‡. †. …‹. €’‡€’€ ‡€„. TRANSPORTER 91- ,;®¤Ά¥α ;1;1
376;51206112;7D0 511 143;‘’€€ “†› ‡€„…‰ † VW T;®¤Ά¥α ;2;1
377;51206160;7D1 711 301;λη £ ΰγη­®£® β®ΰ¬®§   VW;®¤Ά¥α ;1;1
378;51205802;802 455;7E0412331+7H0412249A ‚…•. …‹. €’‡€’€ ‘ „.  ‹/ VW T5;®¤Ά¥α ;0,5;1
379;51206126;893 407 181;L ‘€‰‹…H’‹K ›—€ƒ€ ……„H. AUDI 80 2,3 89-;®¤Ά¥α ;1;1
380;51206323;8D0 511 327 D;‚’“‹€ ‘’€‹‡€’€ ‡€„…ƒ ;®¤Ά¥α ;;1
381;51206123;8D0 512 149;€ “†› „‚…‘;®¤Ά¥α ;4;1
382;51206184;90009367;„† €’€ ’…‰ ‘’€‹‡€’€ ……„. DAEWOO, LANOS, NEXIA, ESPERO;®¤Ά¥α ;14;1
383;51206193;90250288/96246673;„† €’€ „“€ €’‡€’€ ‡€„. LANOS NEXIA (2­¨¦­+2Ά¥ΰε);®¤Ά¥α ;4;1
384;51206111;90538496;GENERAL MOTORS ‘’€‚€ “†› ‡€„…‰ †;®¤Ά¥α ;2;1
385;51206095;94580660;€‰€ (‚…•.) “†. (……„.) DAEWOO NEXIA,ESPERO,LANOS,NUBIRA;®¤Ά¥α ;2;1
386;51206191;94788122;„† €’€ €‚€ € ……„.OPEL KADETT, DAEWOO Espero, Lanos, Nexia/;®¤Ά¥α ;4;1
387;51206086;950 280;“†€ „‚…‘  VW PASSAT 88- (Άα¥ ¬®¤¥«¨);®¤Ά¥α ;2;1
388;51206085;950 673;“†€ „‚…‘ ‡ VW T4 90- (“‘‹….);®¤Ά¥α ;3;1
389;51206198;96181254;GENERAL MOTORS ’. . ……„. DAEWOO NEXIA 95-LANOS 97- (’. . ….@;®¤Ά¥α ;1;1
390;51206190;96226990;RIDER €’‡€’ ‡€„. €‘‹. DAEWOO Nexia, Lanos, Espero, OPEL;®¤Ά¥α ;2;1
391;51206194;96275019;„† €’€ €“†. €…— ’ƒ “‹…‚. €‚›‰ DAEWOO;®¤Ά¥α ;4;1
392;51206189;96445038;€’‡€’  (€‘‹) OPEL KADET’ ASTRA, DAEWOO NEXIA LANOS ESPERO;®¤Ά¥α ;2;1
393;51206200;96445043;‘ ©«¥­β΅«® ―¥ΰ¥¤­μ®£® Ά ¦¥«ο ―¥ΰ¥¤­?©;®¤Ά¥α ;2;1
394;51206182;96445372;GENERAL MOTORS ›—€ƒ ……„.€‚›‰,„‚…‘€ ‹…‘€ DAEWOO-ARANOS-19950;®¤Ά¥α ;1;1
395;51206183;96445373;›—€ƒ ……„‰ †‰ ‹…‚. DAEWOO NEXIA/ESPERO 95-/LANOS;®¤Ά¥α ;1;1
396;51206033;AGW069MT;€’‡€’ (‡€„.) ƒ€‡‚›‰ VOLKSWAGEN CADDY 04-;®¤Ά¥α ;1;1
397;51205985;AU-ES-3839;€…— ’ƒ “‹. AUDI A4, A6   11/04-@;®¤Ά¥α ;2;1
398;51206051;AU-ES-7150;02-ES-7150 443419812B €…— ’ƒ “‹.  M16 AUDI 100/V8@BRON;®¤Ά¥α ;1;1
399;51202438;BC02191;VW ‚’“‹€ …. ‘’€.…‡ €€‘€. CADDY III,JETTA III,TOURAN, OCTAVIA 04-;®¤Ά¥α ;2;1
400;51205905;BC0238;‚βγ«   ¬®ΰβ¨§ β®ΰ  § ¤­¥£® (­¨¦­);®¤Ά¥α ;2;1
401;51205828;BC13371;9013260181 ‘€‰‹…’‹ „‚…‘ ‘ ‡€„. ‹/, Mercedes Sprinter  95-06@;®¤Ά¥α ;4;1
402;51205829;BG-13-09;9013260181 ‘€‰‹…’‹ „‚…‘ ‘ ‡€„. ‹/, Mercedes Sprinter  95-06@;®¤Ά¥α ;4;1
403;51205967;BM-TC-0923;›—€ƒ  BMW ‘… E39 - 535i, 540i, M5 ( -2003);®¤Ά¥α ;1;1
404;51204314;BMT31351097021;BMT 31351097021 ‚’“‹€ ‘’€‹‡€’€ D26 BMX X5;®¤Ά¥α ;2;1
405;51206102;D225 5700;€’‡€’  VW GOLF 90-;®¤Ά¥α ;5;1
406;51206101;DAC45800045;„ ‘’“—›‰ ……„‰ VW TRANSPORTER/MULTIVAN T4 1990-2003;®¤Ά¥α ;3;1
407;51205784;DEL TC526;―®ΰ  γ«μ®Ά , ―¥ΰ¥¤­ο ;®¤Ά¥α ;2;1
408;51206104;DG 9597;€’‡€’ ‡ VW Transporter 1,9 2,0 2,4 2,5 94;®¤Ά¥α ;2;1
409;51205812;EVR325409;€ „‚ƒ. VW GOLF 2/VW PASSAT (3A);®¤Ά¥α ;1;1
410;51206022;EVR925134;€…— ’ƒ “‹. ‹/ DB Vito/Viano 96-03;®¤Ά¥α ;;1
411;51205821;EVR985531;;®¤Ά¥α ;2;1
412;51205146;FE01172;1H0501541 ‘€‰‹…’‹ …‹… ‡€„…‰ €‹ GOLF 91-;®¤Ά¥α ;8;1
413;51205121;FE02557;357412135 ‡€™’€ €’‡€’€ ……„. VW GOLF 83-;®¤Ά¥α ;3;1
414;51205782;FE06049;3183220250 ƒ‹‡€ ……„…‰ …‘‘› (+‡) (‘ ”‹€–…) DB 507-711/809 30x42/50X45;®¤Ά¥α ;4;1
415;51205589;FE07182;893199419 „“€ „‚ƒ. €‹ „‚ƒ. AUDI 80;®¤Ά¥α ;1;1
416;51202056;FE07856;"357407182 ‘€‰‹…’‹ (……„.) ›—€ƒ€ ……„. GOLF 83-; PASSAT 4 /88-";®¤Ά¥α ;2;1
417;51205778;FE09519;191411314 „“€ …‡. …‹. ‘’€‹‡€’€  “‡‚“ VW GOLF A 1,1-1,;®¤Ά¥α ;6;1
418;51205070;FE10022;4D0411327G „“€ ‘’€. ‚“’. PASSAT4/A4/A8 95- D25;®¤Ά¥α ;2;1
419;51205980;FE12642;‡€™’€ “‹…‚. ‹. BMW E39;®¤Ά¥α ;;1
420;51206127;FE14954;‚…•. …‹. €’‡.‡€„. VW GOLF II,GOLF III,POLO,VENTO;®¤Ά¥α ;1;1
421;51206129;FE15978;357411313 „“€ …‡. ‘’€‹‡€’€ (‚“’. ‹) D21mm VW PASSAT;®¤Ά¥α ;1;1
422;51206130;FE15980;357411314 „“€ …‡. ‘’€‹‡€’€ (‚“’. ) D21mm VW PASSAT;®¤Ά¥α ;1;1
423;51205974;FE17216;8D0411317D ’…‰ ‘’€‹.  ‹…‚. VW PASSAT 97- € ‚’“‹€•@;®¤Ά¥α ;1;1
424;51205809;FE22818;8200242025 ƒ‹‡€ ‘€‰‹…’‹€ ›—€ƒ€ RENAULT Megane II 03-@;®¤Ά¥α ;2;1
425;51205824;FE31420;"FEBI „“€ „‚ƒ€’…‹ † ‡€„. OPEL VIVARO 1.9DTI,DI 01-; 2.0 RENAULT TRAFIC ";®¤Ά¥α ;1;1
426;51205846;FZ7022;@’…‰ ‘’€‹‡€’€ AUDI S3 99-, VW GOLF IV 98-, SEAT TOLEDO 99-;®¤Ά¥α ;2;1
427;51206110;HP102 789;191411315B ’. ‘’€‹‡€’€ ‚ ›—€ƒ… VW GOLF/VENTO 92-@^;®¤Ά¥α ;4;1
428;51200550;HP102 829;191512335 „“€ …‹. ‡€„. €’‡€’€  “‡‚“ (@^ ‚…• !!!!DANSK;®¤Ά¥α ;1;1
429;51206091;HP103 487;357412303E ’‰ €’‡€’€;®¤Ά¥α ;5;1
430;51205002;HP104 056;701407183 ‘€‰‹…’‹ †. ›—€ƒ€ (……„.) VW T4@^ DE;®¤Ά¥α ;4;1
431;51204991;HP107 301;357411313 „“€ …‡. ‘’€‹‡€’€ (‚“’. ‹) D21mm VW PASSAT@^;®¤Ά¥α ;2;1
432;51204990;HP107 302;357411314 „“€ …‡. ‘’€‹‡€’€ (‚“’. ) D21mm VW PASSAT@^;®¤Ά¥α ;2;1
433;51206117;HP107 362;191512119 ‹– . „. €’‡€’€ ‡€„. VW GOLF/PASSAT 83-;®¤Ά¥α ;5;1
434;51205783;HP107 677-1;‘€‰‹…’‹ ‡€„. ›—€ƒ€ ……„. 4D0407183P;®¤Ά¥α ;;1
435;51202494;HP107 976;7D0199132E „“€ „‚ƒ. €‚€  VW T4  (70XB/XC/DB,7DW) 1.9 TD 96-@^;®¤Ά¥α ;1;1
436;51202040;HP108 031;1H0512149  …‹. “†› ‡€„. VW Golf 1,1-2,8 83-97;®¤Ά¥α ;8;1
437;51204985;HP108 120;701411041 „“€ ‘’€‹‡€’€ (22,6mm) ‚“’…. @^  VW  T4;®¤Ά¥α ;2;1
438;51204984;HP108 122;7D0411045 ƒ‹‡€ …‡. ’. ‘’€‹‡€’€ VW T4 91-@^;®¤Ά¥α ;2;1
439;51205786;HP200760;0414510 ‡ ι¨β  θ ΰ­¨ΰ  § ¤­. OPEL OMEGA. SENATOR;®¤Ά¥α ;;1
440;51204906;I50020D;96078088 ’. „‚ƒ. €‚. DAEWOO NEXIA, ESPERO 95-, LANOS 97-@;®¤Ά¥α ;1;1
441;51205800;IMP29057;‚’“‹€ ‘’€‹‡€’€ FIAT Doblo 1,9 01-, Palio Weekend 01-;®¤Ά¥α ;;1
442;51206089;JBJ245;€‹…– „‚…‘ ‹/ VW T4 †.;®¤Ά¥α ;1;1
443;51205799;JBJ729;€‹…– „‚…‘ FIAT Doblo 11/00-, Siena/Palio Weekend 7/97-, Strada Pick;®¤Ά¥α ;;1
444;51205785;KYB 915329;‡ ε¨α­¨© ®¬―«¥β  ¬®ΰβ¨§ β®ΰ ;®¤Ά¥α ;;1
445;51206128;LMI10176;701407077 ‘€‰‹…’‹ ‚…•. ›—€ƒ€ (……„.) VW T4;®¤Ά¥α ;1;1
446;51200787;LMI10532;31121136607 ‘€‰‹…’‹ €‹€‘€ BMW 740/750 (E32) 86-;®¤Ά¥α ;1;1
447;51206172;LMI10536;31121096685 €‚€ € (‚….) BMW E36 90- (027290323515);®¤Ά¥α ;1;1
448;51206118;LMI14341;191411314 „“€ …‡. …‹. ‘’€‹‡€’€  “‡‚“ VW GOLF A 1,1-1 D17;®¤Ά¥α ;11;1
449;51205781;LMI17681;7D0407183 ‘€‰‹…’‹ †. ›—€ƒ€ ……„. VW T4 96-;®¤Ά¥α ;1;1
450;51205852;LMI21699;"1J0411315G ’…‰ ‘’€. (…’€‹.) AUDI A3 -06/99;SEAT TOLEDO II (1M2) -06/9@";®¤Ά¥α ;;1
451;51205774;LMI22214;6383230285 ‚’“‹€ ‘’€‹‡€’€ (‚“’.) MERCEDES VITO (W638/W639)@BRON;®¤Ά¥α ;10;1
452;51206024;LMI26059;3812E0 ’ƒ€ “‹…‚. …‡ €. PEUGEOT 307/‘‚;®¤Ά¥α ;1;1
453;51205839;LMI28878;8200242025 ‘€‰‹…’‹ ……„. ›—€ƒ€ RENAULT MEGANE II;®¤Ά¥α ;;1
454;51205690;LMI29917;‘€‰‹…’‹ ‚“’. ›—€ƒ€ †. ……—., ‘ ‡€„. AUDI A3 03-, SEA@^;®¤Ά¥α ;2;1
455;51204776;LMI31999;„“€ ‡€„. €‹ „‚…‘ €“†. VW Transporter 1.9, 2.5 TDI 03-;®¤Ά¥α ;;1
456;51204775;LMI32000;„“€ ‡€„. €‹ „‚…‘ ‚“’…. VW Transporter 1.9, 2.5 TDI 03-;®¤Ά¥α ;;1
457;51205912;LMI33697;"€‹…– ›—€ƒ€ ……„. ‹/ DB Sprinter 6/06-; VW Crafter 4/06-";®¤Ά¥α ;4;1
458;51206325;lmi37008;§¥¤  § ¤­¨© ¬®αβ wv B5;®¤Ά¥α ;;1
459;51202214;M255.06;„. ‚…•. …‹. €’‡€’€ RENAULT,TRAFIC VIVARO,PRIMASTAR @MOTB;®¤Ά¥α ;1;1
460;51205832;MD-AX-2348;’ƒ€ “‹…‚. ‚. (…‡ €.) ‹/ MAZDA 626 08/97-03/00;®¤Ά¥α ;1;1
461;51206317;MG722094;MG „ €’‡€’€ PEUGEOT CITROEN;®¤Ά¥α ;;1
462;51206103;MON S4414;MONROE €’‡€’ SEAT VW P (’..);®¤Ά¥α ;1;1
463;51206242;N5802012;›‹…‡€•›‘‰ ‹…’ €’‡€’€;®¤Ά¥α ;1;1
464;51206324;pc132437;8D0407505B €‹€‘ ‚…•. ‹…‚. ……„. AUDI A4 95-;®¤Ά¥α ;;1
465;51206310;PR 2302-0032;32211130004 €…— ’ƒ “‹…‚. ‚“’. BMW ‘… 5 (E28) -89@;®¤Ά¥α ;1;1
466;51205888;PR2303-0227;’ƒ€ “‹‚€ Profit;®¤Ά¥α ;1;1
467;51205822;RE-AX-1060;’ƒ€ “‹…‚. ‚. (…‡ €.) RENAULT Laguna II 01-,;®¤Ά¥α ;2;1
468;51205837;SAS4001717;8200042454 …‹. „‚ƒ. RENAULT Megane II 1.9 DCi/2.0 16V;®¤Ά¥α ;1;1
469;51201856;SAS4005507;8200039132 ‘€‰‹…’‹ ‡€„. €‹ RENAULT Trafic II, VIVARO @;®¤Ά¥α ;2;1
470;51206053;SAS4005529;7700416271 „“€ ‡€„. €‹ ‹ RENAULT Laguna II;®¤Ά¥α ;1;1
471;51201656;SAS4006147;€…— ’ƒ “‹…‚. ‹. RENAULT Espace, Laguna II 01-, Trafic 05/01-;®¤Ά¥α ;1;1
472;51206109;STA1817 DS;STABILUS €’‡€’ “‹…‚ƒ “€‚‹… VW T4;®¤Ά¥α ;2;1
473;51205968;SW20921182;‚€†?‹ ?„‚?‘ †?‰ ‹?‚‰;®¤Ά¥α ;1;1
474;51205788;TA-1685;AMC FILTER ”‹’ ‚‡„. TOYOTA LANDCRUISER 120;®¤Ά¥α ;1;1
475;51201265;TD433W;46551376 ‘€‰‹…’‹  ‡€„. ›—€ƒ€ ……„. €‚›‰ FIAT DOBLO 2001->@;®¤Ά¥α ;;1
476;51201266;TD434W;46551377 ‘€‰‹…’‹ ‡€„. ›—€ƒ  ……„. ‹…‚›‰ FIAT DOBLO 2001->@;®¤Ά¥α ;;1
477;51205797;VO-BJ-3917;02-BJ-3917 855407365A €‹…– ›—€ƒ€ 17mm ‹ PASSAT/AUDI 80 -87 (‘ ƒ/“);®¤Ά¥α ;1;1
478;51300622;0,023244;"‡€™’€ €€ ‚“’. ‹. (-’) OPEL Vivaro 1.9DI/DTI 01-, 2.5DTI 03-;  L=92/D1="; ΰ¨Ά®¤ (“‘λ ¨ ―ΰ.);1;1
479;51300354;0,026094;‡€™’€ €€ ‚…. (-’) AUDI 80 91-96, 90 88-91, 100 90-94, A4 2.5TD/2.6/2; ΰ¨Ά®¤ (“‘λ ¨ ―ΰ.);2;1
480;51300717;0311-RELHR;“‘ ‚“’. HONDA CR-V; ΰ¨Ά®¤ (“‘λ ¨ ―ΰ.);1;1
481;51300730;113598101;„† €’€ “‘ ‚“’. (-’) VW GOLF II,III.PASSAT 88-96, AUDI 80 81-91; ΰ¨Ά®¤ (“‘λ ¨ ―ΰ.);4;1
482;51300726;1H1 419 523;›‹ “‹…‚‰ ‹ VW Golf; ΰ¨Ά®¤ (“‘λ ¨ ―ΰ.);1;1
483;51300601;4302-12-0232P;‡€™’€ €€ ‚“’. (-’) VW TRANSPORTER T4 N; ΰ¨Ά®¤ (“‘λ ¨ ―ΰ.);4;1
484;51300722;4302-12-0263P;"‡€™’€ €€ ‚…. (-’) VW GOLF GTi;AUDI Quattro 80/90/200 N; L=79/D1=22/D2="; ΰ¨Ά®¤ (“‘λ ¨ ―ΰ.);1;1
485;51300723;4302-12-0266P;‡€™’€ €€ ‚…. (-’) VW T4 N; ΰ¨Ά®¤ (“‘λ ¨ ―ΰ.);2;1
486;51300725;4302-13-4213P;€ ‚“’. (-’) VW T4 91-94 (33-θ«¨ζ.108mm)@^ 26-1019 MG; ΰ¨Ά®¤ (“‘λ ¨ ―ΰ.);1;1
487;51300720;4302-13-4511P;"€ ‚“’. (-’) VW GOLF 1,6/1,8 -91;PASSAT  -88"; ΰ¨Ά®¤ (“‘λ ¨ ―ΰ.);3;1
488;51300686;601 330 0535; ®­¥η­¨ ΰγ«. βο£¨ ―ΰ Άλ© MEYLE; ΰ¨Ά®¤ (“‘λ ¨ ―ΰ.);1;1
489;51300728;96391550;GENERAL MOTORS “‘ €“†›‰ CHEVROLET KALOS/AVEO 1.4 OHC/ 1.4 DOHC (c ABS); ΰ¨Ά®¤ (“‘λ ¨ ―ΰ.);2;1
490;51300721;E153150698002;€ ‹…’; ΰ¨Ά®¤ (“‘λ ¨ ―ΰ.);1;1
491;51300719;FE08018;701498201 ‡€™’€ “‘€ ‚“’. (-’) VW T4; ΰ¨Ά®¤ (“‘λ ¨ ―ΰ.);3;1
492;51300718;HA417411;‡€™’€ “‘€ ‚…. (-’) VW T4; ΰ¨Ά®¤ (“‘λ ¨ ―ΰ.);1;1
493;51300711;I6F028PC;PULNIK ; ΰ¨Ά®¤ (“‘λ ¨ ―ΰ.);1;1
494;51300724;LO302305;“‘ VW; ΰ¨Ά®¤ (“‘λ ¨ ―ΰ.);1;1
495;51300710;LO305383;PULNIK ; ΰ¨Ά®¤ (“‘λ ¨ ―ΰ.);1;1
496;51300689;U543;"CHAMPION ”‹’ ‚‡„. CITROEN AX 1.4D, BX 1.6 87->, 1.9D ALL MODELS; POLONEZ 1.9D'"; ΰ¨Ά®¤ (“‘λ ¨ ―ΰ.);1;1
497;51300690;U554;CHAMPION ”?‹’ ‚?’‰ OPEL CALIBRA 2.0I , VECTRA 1.6I, 1.7D, 1.8I, 2.0I ->10/95 SAAB 90; ΰ¨Ά®¤ (“‘λ ¨ ―ΰ.);1;1
498;51300691;U733;CHAMPION ”?‹’ ‚?’‰ VOLKSWAGEN TRANSPORTER 2.5TDI (T4) 7/95->; ΰ¨Ά®¤ (“‘λ ¨ ―ΰ.);1;1
499;51300692;U739;CHAMPION ”?‹’ ‚?’‰ RENAULT CLIO II 1.5DCI, MEGANE 1.5DCI 9/00->; ΰ¨Ά®¤ (“‘λ ¨ ―ΰ.);1;1
500;51300737;VKJC6994;SKF ‹“‘; ΰ¨Ά®¤ (“‘λ ¨ ―ΰ.);;1
501;51400434;02A 311 523B;„.  VW 15X21/35X18;®¤θ¨―­¨¨;1;1
502;51400448;214 652 0012;CORAM  ‘’“–€ ‹…‘€, 4 -’‚. ……„.   1/„€. 2 [mm]: 37.0 mm ‚›‘. [mm]: 77.0;®¤θ¨―­¨¨;;1
503;51400436;30305A;@„. ‹…‘€ (‹…‚. ……„.) FIAT IVECO DAILY 30-8 79.06-97.01, DAILY 35-8, DAILY;®¤θ¨―­¨¨;3;1
504;51400435;4703-03-5432P;„. ‹…‘€ (-’)+‹’!!! ……„. VW T4 91-, @  DANSK 701498625;®¤θ¨―­¨¨;1;1
505;51400441;96176252;„† €’€ ‘’“–€ ‹…‘€ ……„. DAEWOO LANOS, NEXIA R13;®¤θ¨―­¨¨;2;1
506;51400036;CX059;COMPLEX  „. (-’)  TRANSPORTER ,BUS (T4) 90-;®¤θ¨―­¨¨;1;1
507;51400423;H1R022BTA;-’ „. ‹…‘€ (……„.) Renault Espace,Vel Satis 02-;®¤θ¨―­¨¨;1;1
508;51400442;H20060JC;„. ‹…‘€ (‡€„.) DAEWOO MATIZ 0.8I 98-;®¤θ¨―­¨¨;1;1
509;51400438;OPT960638A;„. NISSAN BLUEBIRD 07.89-90 MAXIMA 07.94-99 PRAIRE PRO 10.88-94 PRIMERA 06.;®¤θ¨―­¨¨;1;1
510;51400424;VO-WB-11047;„. (-’) ‡ AUDI 80/100 7/92- (’. „‘.)@ AMULET AVIK R157.12 SNR !!!;®¤θ¨―­¨¨;2;1
511;51501442;4,018;TRANSPORTERPARTS ‹„ ’‡.……„.RENAULT;’®ΰ¬®§ ;1;1
512;51501358;04466-48060 JP;‹„ (‡€„.) ’.;’®ΰ¬®§ ;1;1
513;51500985;21479 00 703 00;"BRECK 21479  ‹„. ’. -’  VW Caravelle / Transporter 91- ( „‘ 15""";’®ΰ¬®§ ;1;1
514;51501428;3302-3501090;‹„ ’.……„.DAEWOO LANOS/ MAT;’®ΰ¬®§ ;1;1
515;51501455;5000-1112;WVA23124 ’‡›… ‹„ ……„… BERLINGO 98- (GIRLING);’®ΰ¬®§ ;1;1
516;51501375;5201-01-0371P;701615301G „‘ ’.  VW T4 1,9D/2,0 6/96-;’®ΰ¬®§ ;4;1
517;51501376;5201-01-0574P;701615301A „‘ ’. (‚…’.)  VW T4 2,5/2,4D -96@;’®ΰ¬®§ ;6;1
518;51501381;7.555.0;‹„ ’. ……„. VW T4,1.9D,2.0,2.4D  („‘ 14)  91-95;’®ΰ¬®§ ;1;1
519;51501431;96193771;GENERAL MOTORS €€€ ’. ‡€„. DAEWOO ESPERO,NEXIA,LANOS,NUBIRA I,II (‘ ‘’“. );’®ΰ¬®§ ;2;1
520;51501410;96281937;„† €’€ ‹„ ’. ……„. DAEWOO NEXIA 95-,LANOS 1.6 DOHC 97-,NUBIRA I,II;’®ΰ¬®§ ;2;1
521;51501426;96316582;„† €’€ ‹„ ’. ……„. DAEWOO LANOS 1.5 OHC 97- ,MATIZ 97-;’®ΰ¬®§ ;1;1
522;51500397;96534653;‹„. ’. ……„. DAEWOO/CHEVROLET Kalos, Aveo 02-;’®ΰ¬®§ ;2;1
523;51501301;C1W031ABE;‹„ (……„.) ’. VW T4, CARAVELLE 1.8, 1.9D/TD/TDI, 2.0, 2.4D @ …‡ „€’—.;’®ΰ¬®§ ;;1
524;51501311;C1W037ABE;"‹„ ’.  VW T4 96- („‘ 15"") - ATE ‘‘’.@ …‡ „€’—€";’®ΰ¬®§ ;1;1
525;51501305;C2W011ABE;21882 ‹„ ’. ‡ VW T4 01/96- ,SHARAN 01-  …‡  „€’—.;’®ΰ¬®§ ;1;1
526;51500925;C3R005ABE;„‘ ’. (……„.) 259x20 RENAULT CLIO II, KANGOO 1.2I 16V 1.9D/DTI 98-@;’®ΰ¬®§ ;2;1
527;51501407;DB1092;RIDER ‹„ ’. ……„. VOLKSWAGEN T4/CARAVELLE 2.4D, 2.5 99.05-03.03;’®ΰ¬®§ ;1;1
528;51501394;DB1163;RIDER ‹„ ’. ‡€„. AUDI 80 1.6I, 2.0I 16V, 2.3I, 2.6I V6 92.08-94.12, 80 QU;’®ΰ¬®§ ;1;1
529;51501424;DB1282;RIDER ‹„ ’.  VW MULTIVAN,TRANSPORTER 95-;’®ΰ¬®§ ;1;1
530;51501420;DB1289;"RIDER ‹„ ’. ‡ PEUGEOT 406 14,15"" / DB VITO 11/95-";’®ΰ¬®§ ;1;1
531;51501395;DB1323;RIDER ‹„ ’. ……„. VW PASSAT 2.0 16V 94.01-96.08, AUDI A4 1.8IT,;’®ΰ¬®§ ;1;1
532;51501423;DB1325;RIDER ‹„ ’. ‡ VW T4 06.00-@;’®ΰ¬®§ ;1;1
533;51501402;DB1330;RIDER ‹„. ’. ‡€„ -’ Audi (A3,TT) VW (PASSAT / BORA,GOLF IV,LUPO,NEW BEETLE,) SKODA OCTAVIA/ FABIA;’®ΰ¬®§ ;1;1
534;51501406;DB1369;RIDER ‹„ ’. ‡€„. VW T4 01/96- ,SHARAN 01-  …‡  „€’—.;’®ΰ¬®§ ;1;1
535;51501415;DB1383;RIDER ‹„ ’. ……„› FIAT Doblo/Doblo  1/2003-;’®ΰ¬®§ ;1;1
536;51501396;DB1399;RIDER ‹„ ’. ‡€„. VW LT 35 99-, MERCEDES SPRINTER 208D-216CDI 96.0;’®ΰ¬®§ ;1;1
537;51501416;DB1461;RIDER ‹„ ’.  Ford Transit 260 2.0 TD (BOSCH) ‚. € ……„.@;’®ΰ¬®§ ;1;1
538;51501421;DB1479;RIDER ‹„ ’. ‡ OPEL Vivaro (’ X83) 1.9 DI (LUC);’®ΰ¬®§ ;1;1
539;51501404;DB1550;RIDER ‹„ {……„.} ’. SKODA OCTAVIA05- / AUDI A3 03-  VW Golf V 03- Passat 05- Touran 03-@PRF;’®ΰ¬®§ ;1;1
540;51501409;DB1555;RIDER ‹„ ’. ……„. VOLKSWAGEN TRANSPORTER T5 1.9TDI, 2.0, 2.5TDI, 3.2 V6;’®ΰ¬®§ ;1;1
541;51501408;DB1557;RIDER ‹„ ’. ‡€„. VOLKSWAGEN TRANSPORTER T5 04.03-;’®ΰ¬®§ ;1;1
542;51501418;DB1600;RIDER ‹„ ’. -’ ……„ VITO 03-;’®ΰ¬®§ ;1;1
543;51501417;DB1601;RIDER ‹„. ’. -’ ‡€„. MB Viano 2.2/3.7 VITO 2.2/3.2 03-;’®ΰ¬®§ ;1;1
544;51501422;DB1622;RIDER ‹„ ’. ‡ VW PASSAT 3C2 1.9TDI / 1.6FSI/2.0FSI/3.2FSI 03-@;’®ΰ¬®§ ;1;1
545;51501398;DB1785;"RIDER ®«®¤¨ £ «μ¬?Ά­? ¤¨α®Ά? ―¥ΰ¥¤­?, ®¬―«¥β RENAULT KANGO 08-
";’®ΰ¬®§ ;1;1
546;51501401;DB1984;RIDER ‹„ ’. ……„. AUDI A3 1.6I 16V, 1.8I 20V, 1.9TDI 96-, SKODA OCTAVIA/ FABIA/ VW GOLF 98-;’®ΰ¬®§ ;1;1
547;51501374;DB4189;€€€ ’. VW MULTIVAN,TRANSPORTER 90-96;’®ΰ¬®§ ;2;1
548;51501405;DB823;RIDER ‹„. ’. ‡€„ -’ VW (PASSAT / BORA,GOLF IV,LUPO,NEW BEETLE,) GOLF II, III/ PEUGEOT 405;’®ΰ¬®§ ;1;1
549;51501379;DF2810;„‘ ’. ……„. VOLKSWAGEN  T4 1,9D/2,0 6/96-;’®ΰ¬®§ ;2;1
550;51501360;FDB1073;PREMIUM ‹„ ’.  BMW ‘… 5 (E39) -10/96@;’®ΰ¬®§ ;1;1
551;51501293;GDB1080;‹„ ’‡›… ……„… TRANSIT T15  91-00  93VX 2K021 BA;’®ΰ¬®§ ;;1
552;51501380;GDB1325;701698451 ‹„ ’. ‡ VW T4/Caravelle 08.95-04.98, Opel Vivaro 09.00@;’®ΰ¬®§ ;2;1
553;51501357;gdb1399;‹„ ’. ‡ DB SPRINTER 95- LT;’®ΰ¬®§ ;1;1
554;51501294;GDB1499;‹„ ’‡›…;’®ΰ¬®§ ;;1
555;51501299;LPR05P215;"20668/16,5  ‹„ ’. ‡ AUDI 80/90/100 82-; FIAT CROMA;ALFA 1@MOTB";’®ΰ¬®§ ;1;1
556;51501288;LPR05P437;‹„ ’.  VW T4 90-95 „‘ 15@MOTB;’®ΰ¬®§ ;;1
557;51501308;LPR05P439;20124/19  ‹„ ’.  VW T4 90-95 „‘ 14@MOTB;’®ΰ¬®§ ;1;1
558;51501456;LPR05P612;‹„ ’.  SEAT ALHAMBRA 95- (ATE);’®ΰ¬®§ ;;1
559;51500898;LPR05P868;20961 17mm ‹„ ’. ‡€„. PEUGEOT 307 ()@MOTB;’®ΰ¬®§ ;;1
560;51501411;N112;XZTC ‹„ ’. ……„. DAEWOO LANOS 1.5 OHC 97- ,MATIZ 97-;’®ΰ¬®§ ;2;1
561;51501412;N113;XZTC ‹„ ’. ……„. DAEWOO NEXIA 95-,LANOS 1.6 DOHC 97-,NUBIRA I,II;’®ΰ¬®§ ;2;1
562;51501425;N130;XZTC ‹„ ’. ……„. DAEWOO KALOS, AVEO  1.2I, 1.4I OHC,1.4 DOHC 02-;’®ΰ¬®§ ;1;1
563;51501413;N413;XZTC ‹„ ’. DAEWOO LANOS NEXIA ESPERO OPEL;’®ΰ¬®§ ;2;1
564;51501361;NK252220;€€€ ’. (1 ’.);’®ΰ¬®§ ;1;1
565;51501272;QB1347X;-’ “‘’€. ‹„ ’. ……„. RENAULT TRAFIC 01.04-, MERCEDE;’®ΰ¬®§ ;1;1
566;51501427;RL666181;FOMAR 23237 ‹„ ’.  Daewoo Nubira, Leganza;’®ΰ¬®§ ;1;1
567;51600598;03.2123-1526.3;ATE ƒ‹€‚.’. –‹ VW CARAVELLE, MULTIVAN, TRANSPORTER (T4) 2.0, 2.5, 2.5TD;ƒ¨¤ΰ Ά«¨  ¨ ―­¥Ά¬ β¨ ;1;1
568;51600606;426570;–‹. ’.ƒ‹€‚. DAEWOO Lanos 1997-2005;ƒ¨¤ΰ Ά«¨  ¨ ―­¥Ά¬ β¨ ;3;1
569;51600602;701 419 061D;“‹…‚‰ …•€‡ VW TRANSPORTER T4 €‚’“‘ (70XB, 70XC, 7DB, 7DW) 2.4 D SYNCRO;ƒ¨¤ΰ Ά«¨  ¨ ―­¥Ά¬ β¨ ;1;1
570;51600599;721 611 047;"""04-0609 –‹H„K ’.‡€„  VW T4 D20,64";ƒ¨¤ΰ Ά«¨  ¨ ―­¥Ά¬ β¨ ;1;1
571;51600590;C80014ABE;‹€ƒ ’. ‹€‘’. €‘–…’…‹ SKODA €‘–…’…‹;ƒ¨¤ΰ Ά«¨  ¨ ―­¥Ά¬ β¨ ;2;1
572;51600600;EVR915439;’ƒ€ “‹…‚€ € ƒ‹” 2 „†…’’€2;ƒ¨¤ΰ Ά«¨  ¨ ―­¥Ά¬ β¨ ;1;1
573;51600601;LPR1831;0558074 ƒ‹€‚. ’. –‹. OPEL KADET’ E,ASTRA 84-91;ƒ¨¤ΰ Ά«¨  ¨ ―­¥Ά¬ β¨ ;3;1
574;51600611;lpr6T46784;‹€ƒ ’. ‹€‘’. ‡€„. AUDI A6 97-;ƒ¨¤ΰ Ά«¨  ¨ ―­¥Ά¬ β¨ ;;1
575;51600349;QB1306X;=1302X QB -’ ‹’‚ €€‚‹. ‡€†€ ’. FORD FIESTA,ESCORT, SCORPIO.@ E210;ƒ¨¤ΰ Ά«¨  ¨ ―­¥Ά¬ β¨ ;2;1
576;51600411;QB1313X;-’ …. €€‚‹. ‡€†€ ’. VW Golf 08/83-12.94;ƒ¨¤ΰ Ά«¨  ¨ ―­¥Ά¬ β¨ ;2;1
577;51700052;020 409 289 B;‡€ƒ‹“€ ”‹€–€ ;―¥ΰ¥­¨¥;5;1
578;51700061;1H0 831 409A;‹’€ …. ’. …’‹ „‚… ‹…‚., †. GOLF 92-98,PASSAT 94-97  VW;―¥ΰ¥­¨¥;1;1
579;51700060;1H0 831 410B;‹’€ …. ’. …’‹ „‚… €‚., †. GOLF 92-98,PASSAT 94-97  VW;―¥ΰ¥­¨¥;1;1
580;51700054;1H0 868 316 ;γη  ­ αβΰ®©¨ ―ΰ Ά ο VW Golf III;―¥ΰ¥­¨¥;3;1
581;51700055;1H6 805 826;‚®§¤γε®Ά®¤ ®β®―¨β¥«ο ―¥ΰ¥¤­¥£®, ―ΰ Άλ©;―¥ΰ¥­¨¥;1;1
582;51700057;441-1609L;‡€ƒ‹“€ ‚ €… „‹. ‹ VW GOLF/VENTO 91-97;―¥ΰ¥­¨¥;1;1
583;51700058;441-1609R;‡€ƒ‹“€ ‚ €… „‹.  VW GOLF/VENTO 91-97;―¥ΰ¥­¨¥;2;1
584;51700059;441-1610R;‡€ƒ‹“€ ‚ €… ’.  VW GOLF/VENTO 91-;―¥ΰ¥­¨¥;2;1
585;51700062;96303220;GM ’. (.,‹…‚.) €…€ (……„.) DAEWOO LANOS 97-;―¥ΰ¥­¨¥;1;1
586;51700063;96303221;GM ’. (.,€‚.) €…€ (……„.) DAEWOO LANOS 97-;―¥ΰ¥­¨¥;1;1
587;51700051;ROM 12620;ROMIX (“€‚. 10 ’.) ‡€€ ‹€ ‘€™. .-‚›‘. VW Golf III;―¥ΰ¥­¨¥;10;1
588;51700053;U24035P;’…‘’€’ 1,9 TDI;―¥ΰ¥­¨¥;1;1
589;51800029;003-931;1164920182 ‘…ƒ€ …‡. DB W116/123    “ƒ‹.;ƒ«γθ¨β¥«μ;5;1
590;51800137;100-904;‹€„€ ‚›•‹. ’“› BMW 2.0/2.3/2.5/2.7/2.8 (M20/M30) (2)@;ƒ«γθ¨β¥«μ;2;1
591;51800133;100-911;FISCHER ΰ®« ¤ , βΰγ΅  Ά¨ε«®―­®£® £ §γ BMW ;ƒ«γθ¨β¥«μ;2;1
592;51800145;100-913;ΰ®« ¤ , βΰγ΅  Ά¨ε«®―­®£® £ §γ BMW;ƒ«γθ¨β¥«μ;1;1
593;51800134;102-946;FISHER ®«μζ® ―¥η¥­®¥ BMW;ƒ«γθ¨β¥«μ;2;1
594;51800146;102-958;FISHER ®«μζ® ―¥η¥­®¥ BMW;ƒ«γθ¨β¥«μ;2;1
595;51800167;103-901;FISCHER “”… ƒ‹“’…‹ BMW;ƒ«γθ¨β¥«μ;2;1
596;51800168;103-906;FISCHER “”… ƒ‹“’…‹ BMW;ƒ«γθ¨β¥«μ;1;1
597;51800169;103-908;BO255-070 …‡€ ƒ‹“.BMW;ƒ«γθ¨β¥«μ;1;1
598;51800171;104-915;BO254-335 BMW;ƒ«γθ¨β¥«μ;1;1
599;51800156;110-901;FISCHER ΰ®« ¤ , βΰγ΅  Ά¨ε«®―­®£® £ §γ AUDI;ƒ«γθ¨β¥«μ;1;1
600;51800157;110-910;FISCHER ‹€„€ ’“› AUDI,VW ;ƒ«γθ¨β¥«μ;2;1
601;51800158;110-917;FISCHER ΰ®« ¤  ―ΰ¨¥¬­®© βΰγ΅λ £«γθ¨β¥«ο;ƒ«γθ¨β¥«μ;1;1
602;51800160;110-921;FISCHER ΰ®« ¤  £«γθ­¨ ;ƒ«γθ¨β¥«μ;3;1
603;51800161;110-923;FISCHER ΰ®« ¤ , βΰγ΅  Ά¨ε«®―­®£® £ §γ;ƒ«γθ¨β¥«μ;1;1
604;51800142;110-932;‹€„€ ’“› ‚›. VW PASSAT 1.8I 93-@;ƒ«γθ¨β¥«μ;3;1
605;51800162;110-934;FISCHER ΰ®« ¤ , βΰγ΅  Ά¨ε«®―­®£® £ §γ;ƒ«γθ¨β¥«μ;1;1
606;51800187;110-936;ΰ®« ¤  £«γθ­¨ ;ƒ«γθ¨β¥«μ;1;1
607;51800163;110-939;FISCHER ΰ®« ¤ , βΰγ΅  Ά¨ε«®―­®£® £ §γ;ƒ«γθ¨β¥«μ;2;1
608;51800147;110-943;VAG ΰ®« ¤ , βΰγ΅  Ά¨ε«®―­®£® £ §γ;ƒ«γθ¨β¥«μ;2;1
609;51800188;111-973;FISCHER ΰ®« ¤  α¨αβ¥¬¨ Ά¨―γαγ;ƒ«γθ¨β¥«μ;1;1
610;51800189;112-945;FISCHER ΰ®« ¤  Ά¨ε«®―­®υ α¨αβ¥¬¨;ƒ«γθ¨β¥«μ;1;1
611;51800190;112-946;FISCHER ΰ®« ¤  Ά¨ε«®―­®υ α¨αβ¥¬¨;ƒ«γθ¨β¥«μ;1;1
612;51800191;112-951;FISCHER ΰ®« ¤  Ά¨ε«®―­®υ α¨αβ¥¬¨;ƒ«γθ¨β¥«μ;1;1
613;51800192;112-956;FISCHER ΰ®« ¤  Ά¨ε«®―­®υ α¨αβ¥¬¨;ƒ«γθ¨β¥«μ;1;1
614;51800212;112-957;‹€„ ‚›•‹. ‘‘’…› PEUG;ƒ«γθ¨β¥«μ;1;1
615;51800193;112-958;FISCHER ΰ®« ¤  Ά¨ε«®―­®υ α¨αβ¥¬¨;ƒ«γθ¨β¥«μ;2;1
616;51800194;113-901;FISCHER ΰ®« ¤  Ά¨ε«®―­®υ α¨αβ¥¬¨;ƒ«γθ¨β¥«μ;3;1
617;51800015;113-902;6014920082 ‘…ƒ€ ƒ‹“’…‹ DB 207-310;ƒ«γθ¨β¥«μ;3;1
618;51800165;113-906;FISCHER “”… ƒ‹“’…‹;ƒ«γθ¨β¥«μ;4;1
619;51800131;113-911;1H0253144C ‘…ƒ€ ƒ‹“’…‹ –…‚. VW Golf/Vento 91- (3 ’. € ƒ‹“’…‹)@^;ƒ«γθ¨β¥«μ;1;1
620;51800195;113-916;FISCHER “”… ƒ‹“’…‹;ƒ«γθ¨β¥«μ;3;1
621;51800196;113-919;BO255-025 ’. ƒ‹“.VW/AUDI T4;ƒ«γθ¨β¥«μ;1;1
622;51800166;113-920;FISCHER “”… ƒ‹“’…‹;ƒ«γθ¨β¥«μ;1;1
623;51800148;113-923;VAG …‡‚-…’€‹‹—…‘€ „‚…‘€ AUDI ;ƒ«γθ¨β¥«μ;1;1
624;51800197;113-930;FISCHER “”… ƒ‹“’…‹;ƒ«γθ¨β¥«μ;1;1
625;51800198;115-904;FISCHER ’…‰ ƒ‹“’…‹ SEAT/VW;ƒ«γθ¨β¥«μ;2;1
626;51800199;120-903;ΰ®« ¤ , βΰγ΅  Ά¨ε«®―­®£® £ §γ;ƒ«γθ¨β¥«μ;1;1
627;51800200;120-905;ΰ®« ¤ , βΰγ΅  Ά¨ε«®―­®£® £ §γ;ƒ«γθ¨β¥«μ;2;1
628;51800201;120-908;ΰ®« ¤ , βΰγ΅  Ά¨ε«®―­®£® £ §γ;ƒ«γθ¨β¥«μ;2;1
629;51800202;120-916;ΰ®« ¤ , βΰγ΅  Ά¨ε«®―­®£® £ §γ;ƒ«γθ¨β¥«μ;3;1
630;51800203;121-945;ΰ®« ¤  Ά¨ε«®―­®υ α¨αβ¥¬¨;ƒ«γθ¨β¥«μ;1;1
631;51800210;121-947;FISCHER ΰ®« ¤  βΰγ΅λ Άλε«®―­®© ;ƒ«γθ¨β¥«μ;2;1
632;51800204;121-951;ΰ®« ¤  Ά¨ε«®―­®υ α¨αβ¥¬¨;ƒ«γθ¨β¥«μ;1;1
633;51800205;123-904;BO255-729 …‡€ ƒ‹“.OPEL;ƒ«γθ¨β¥«μ;2;1
634;51800143;123-914;„‚…‘€ ƒ‹“’. …‡‚€ OPEL OMEGA;ƒ«γθ¨β¥«μ;2;1
635;51800135;123-921;FISCHER …‡‚€ —€‘’ OPEL;ƒ«γθ¨β¥«μ;2;1
636;51800206;123-922;FISCHER “”… ƒ‹“’…‹;ƒ«γθ¨β¥«μ;2;1
637;51800019;123-925;‘…ƒ€ …‡. OPEL OMEGA B/VECTRA B;ƒ«γθ¨β¥«μ;2;1
638;51800149;123-928;FISCHER …‡‚€ —€‘’ OPEL;ƒ«γθ¨β¥«μ;2;1
639;51800176;133-904;FISCHER “”… ƒ‹“’…‹ LAND ROVER;ƒ«γθ¨β¥«μ;2;1
640;51800150;142-951;‹– ƒ‹“’…‹  51x64x19 mm MERC;ƒ«γθ¨β¥«μ;1;1
641;51800013;143-903;1244920044 ‘…ƒ€ ƒ‹“’…‹ MERCEDES (E-‹€‘‘,S-‹€‘‘,SLK);ƒ«γθ¨β¥«μ;4;1
642;51800179;143-904;FISCHER “”… ƒ‹“’…‹ MERCEDES (E-‹€‘‘,S-‹€‘‘,SLK);ƒ«γθ¨β¥«μ;2;1
643;51800181;143-906;FISCHER “”… ƒ‹“’…‹ MERCEDES;ƒ«γθ¨β¥«μ;3;1
644;51800180;143-922;FISCHER “”… ƒ‹“’…‹ MERCEDES;ƒ«γθ¨β¥«μ;1;1
645;51800151;143-926;FISCHER …‡‚€ „‚…‘€ MERCEDES;ƒ«γθ¨β¥«μ;2;1
646;51800183;220-907;FISCHER ΰ®« ¤  Ά¨ε«®―­®υ α¨αβ¥¬¨ OPEL/RENAULT ;ƒ«γθ¨β¥«μ;1;1
647;51800152;220-920;FISCHER ΰ®« ¤  Άλε«®―­®£® £ §  RENAULT;ƒ«γθ¨β¥«μ;2;1
648;51800184;223-915;FISCHER “”… ƒ‹“’…‹ RENAULT ;ƒ«γθ¨β¥«μ;3;1
649;51800185;223-919;FISCHER “”… ƒ‹“’…‹ NISSAN/OPE/RENAULT ;ƒ«γθ¨β¥«μ;2;1
650;51800207;231-946;FISCHER ΰ®« ¤  Ά¨ε«®―­®υ α¨αβ¥¬¨;ƒ«γθ¨β¥«μ;1;1
651;51800208;231-966;FISCHER ΰ®« ¤  Ά¨ε«®―­®υ α¨αβ¥¬¨;ƒ«γθ¨β¥«μ;1;1
652;51800211;233-917;FISCHER “”… ƒ‹“’…‹;ƒ«γθ¨β¥«μ;1;1
653;51800186;450-909;FISCHER ΰ®« ¤ , βΰγ΅  Ά¨ε«®―­®£® £ §γ;ƒ«γθ¨β¥«μ;2;1
654;51800209;590-902;FISCHER ΰ®« ¤  βΰγ΅λ Άλε«®―­®© ―¥ΰ¥¤­¥©;ƒ«γθ¨β¥«μ;2;1
655;51800218;6X0 253 147 B;ΰ¥―«¥­¨¥ £«γθ¨β¥«ο ¤¥¬―δ¨ΰγξι¥¥ ΰ¥§¨­ ;ƒ«γθ¨β¥«μ;2;1
656;51800182;740-908;FISCHER ΰ®« ¤  Ά¨ε«®―­®υ α¨αβ¥¬¨ ;ƒ«γθ¨β¥«μ;2;1
657;51800153;740-909;FISCHER ΰ®« ¤  Ά¨ε«®―­®υ α¨αβ¥¬¨ MITSUBISHI;ƒ«γθ¨β¥«μ;2;1
658;51800154;743-911;FISCHER …‡‚€ „‚…‘€ MITSUBISHI;ƒ«γθ¨β¥«μ;1;1
659;51800155;773-909;FISCHER …‡‚€ „‚…‘€ TOYOTA;ƒ«γθ¨β¥«μ;2;1
660;51800177;793-906;FISCHER “”… ƒ‹“’…‹ HONDA;ƒ«γθ¨β¥«μ;4;1
661;51800220;81398;FONOS ‘…ƒ€ …‡. VW GOLF,PASSAT;ƒ«γθ¨β¥«μ;4;1
662;51800172;870-902;FISCHER ΰ®« ¤  Ά¨ε«®―­®υ α¨αβ¥¬¨;ƒ«γθ¨β¥«μ;2;1
663;51800173;870-903;FISCHER ΰ®« ¤  Ά¨―γα­®£® ®«¥β®ΰ ;ƒ«γθ¨β¥«μ;2;1
664;51800175;873-903;FISCHER “”… ƒ‹“’…‹;ƒ«γθ¨β¥«μ;3;1
665;51800178;890-901;FISCHER ΰ®« ¤ , βΰγ΅  Ά¨ε«®―­®£® £ §γ HYUNDAI / KIA;ƒ«γθ¨β¥«μ;2;1
666;51800215;BOS265-317;’…‰ ‹€‘’. D51 „‹.=150;ƒ«γθ¨β¥«μ;1;1
667;51800136;FA110-906;‹€„€ ‚›“‘. ’“› AUDI,VW DERBY GOLF,POLO;ƒ«γθ¨β¥«μ;1;1
668;51800138;FPL00-906;‹€„ ‚›•‹. ‘‘’…› BMW;ƒ«γθ¨β¥«μ;2;1
669;51800139;FPL00-909;‹€„ ‚›•‹. ‘‘’…› BMW;ƒ«γθ¨β¥«μ;1;1
670;51800140;FPL01-942;‹€„ ‚›•‹. ‘‘’…› BMW;ƒ«γθ¨β¥«μ;1;1
671;51800141;FPL02-947;‹€„ ‚›•‹. ‘‘’…› BMW;ƒ«γθ¨β¥«μ;2;1
672;51800174;FPL70-904;‹€„ ‚›•‹. ‘‘’…› DAEWOO;ƒ«γθ¨β¥«μ;2;1
673;51900140;1H0 949 117A;‚’ ‚. ‹/ VW GOLF 91-95 (€†…‚›‰);αΆ¥ι¥­¨¥;2;1
674;51900129;281 945 729;”€ ’‚’“€›‰ ‡€„‰;αΆ¥ι¥­¨¥;1;1
675;51900071;440-1119L-LD-E;”€€ ‹ (“—.) MERCEDES VITO 96-@;αΆ¥ι¥­¨¥;1;1
676;51900070;440-1119R-LD-E;”€€  (“—.) MERCEDES VITO 96-@;αΆ¥ι¥­¨¥;1;1
677;51900132;441-1302L-UQ;ƒ€€’ ‡€„. ‚“’. ‹ VW VENTO 92- (†…‹’-€‘.)@;αΆ¥ι¥­¨¥;1;1
678;51900131;441-1302R-UQ;ƒ€€’ ‡€„. ‚“’.  VW VENTO 92- (†…‹’-€‘.)@;αΆ¥ι¥­¨¥;1;1
679;51900137;441-1507L-UE;‚’ ‹ VW PASSAT 88-93 (†…‹’.)@;αΆ¥ι¥­¨¥;1;1
680;51900133;441-1510R-UE;‚’  VW T4 90-97 (†…‹’.)@;αΆ¥ι¥­¨¥;2;1
681;51900138;441-1606L;‚’ ‹ VW GOLF/VENTO 92- (†…‹.)@;αΆ¥ι¥­¨¥;4;1
682;51900139;441-1606R;‚’  VW GOLF/VENTO 92- (†…‹.)@;αΆ¥ι¥­¨¥;1;1
683;51900141;441-1917R;ƒ€€’ ‡€„. ‚…  VW VENTO 92- (†…‹’-€‘›‰)@;αΆ¥ι¥­¨¥;1;1
684;51900130;441-1919L-UE;ƒ€€’ ‡€„. ‹ VW T4 (†π‹’-€‘.)@;αΆ¥ι¥­¨¥;1;1
685;51900134;442-2006L-UE;ƒ€‹ƒ… ‹ OPEL ASTRA 98-04 H3;αΆ¥ι¥­¨¥;1;1
686;51900135;956619-1;@‚’ ‹…‚ VW T4 91-03 (…‹.);αΆ¥ι¥­¨¥;1;1
687;51900150;NARVA17649;NARVA  €‚’‹€€ 24-21W;αΆ¥ι¥­¨¥;8;1
688;51900053;OSR2825;OSRAM ‹€—€ 12V W5W ORIGINAL 5W - W2.1x9.5d;αΆ¥ι¥­¨¥;9;1
689;51900147;OSR2845 K10SZT;1 -β=10 θβ. OSRAM ‹€—€ 24V 5W W2,1x9,5d W5W (–…‹‘’…‹.) €’. 10 ’.;αΆ¥ι¥­¨¥;10;1
690;51900054;OSR5007;OSRAM ‹€—€ 12V 5W R5W ORIGINAL 5W BA15s;αΆ¥ι¥­¨¥;15;1
691;51900154;OSR6411 K10SZT;1 -β=10 θβ. OSRAM ‹€—€ 12V 10W SV8,5 11x41mm (’“—.) €’. 10 ’.;αΆ¥ι¥­¨¥;1;1
692;51900102;OSR64113  K10SZT;1 -β=10 θβ. OSRAM ‹€—€ H10W 12V 10W BA9S (–.) Minihalogen €’. 10 ’.;αΆ¥ι¥­¨¥;4;1
693;51900043;OSR64150-;OSRAM ‹€—€ H1 12V 55W P14,5S STANDARD;αΆ¥ι¥­¨¥;4;1
694;51900044;OSR64150NBU-HCB;OSRAM ‹€—€ 1 ’. H1 12V 55W P14.5s ULTRA LIFE -3 ƒ„€ ƒ€€’;αΆ¥ι¥­¨¥;1;1
695;51900046;OSR64151 NBP;OSRAM ‹€—€ H3 12V 55W PK22S STANDARD@ AVIK;αΆ¥ι¥­¨¥;2;1
696;51900045;OSR64151-;OSRAM ‹€—€ H3 12V 55W PK22S STANDARD@ AVIK;αΆ¥ι¥­¨¥;4;1
697;51900077;OSR64155 LTS;OSRAM ‹€—€ H1 24V 70W P14,5S  Longlife Truckstar;αΆ¥ι¥­¨¥;3;1
698;51900076;OSR64156 LTS;OSRAM ‹€—€ H3 24V 70W PK22S Longlife Truckstar;αΆ¥ι¥­¨¥;4;1
699;51900047;OSR64193;OSRAM ‹€—€ H4 12V 60/55W ORIGINAL STD;αΆ¥ι¥­¨¥;9;1
700;51900052;OSR64211NBU;OSRAM ‹€—€ H11 12V 55W  NIGHT BREAKER ULTIMATED +110%;αΆ¥ι¥­¨¥;2;1
701;51900148;OSR6423 K10SZT;1 -β=10 θβ. OSRAM ‹€—€ 24V 5W C5W SV8,5 8x35mm (’“—.) €’. 10 ’.;αΆ¥ι¥­¨¥;10;1
702;51900062;OSR6498 CW_01B;" ―ΰο¦¥­¨¥ [V]: 12; ­®¬¨­. ¬®ι­®αβμ [‚β]: 1; ¨α―. ― βΰ®­ : SV8,5-8;
C5W LED 12V 1W 6000K 36MM SV8,5-8 / CW - •‹„›‰ …‹›‰ ‘‚…";αΆ¥ι¥­¨¥;1;1
703;51900056;OSR7225;OSRAM ‹€—€ 12V ORIGINAL P21/4W BAZ15d;αΆ¥ι¥­¨¥;6;1
704;51900063;OSR7507 X10K;OSRAM ‹€—€ 12V 21W PY21W BAU15s (–.) €†…‚. €’. 10 θβ.;αΆ¥ι¥­¨¥;10;1
705;51900055;OSR7528;OSRAM ‹€—€ 12V ORIGINAL P21/5W BAY15d;αΆ¥ι¥­¨¥;9;1
706;51900149;OSR7537 K10SZT;1 -β=10 θβ. OSRAM ‹€—€ 24V 21/5W P21/5W BAY15d (–.) €’. 10 ’.;αΆ¥ι¥­¨¥;4;1
707;51900060;OSR9005;OSRAM ‹€—€ 12V 60W HB3 P20d ”€› €‚’. €….;αΆ¥ι¥­¨¥;2;1
708;51900061;OSR9006;OSRAM ‹€—€ 12V 51W HB4 P22d ”€› €‚’. €….@;αΆ¥ι¥­¨¥;2;1
709;51900098;PHI 12258PR/1B;‹€—€ H1 12V 55W P14.5S PREMIUM (“-€ - 1 ’.);αΆ¥ι¥­¨¥;8;1
710;51900088;PHI 12258PR/C1;€‚’‹€€ ƒ€‹ƒ…‚€ 55W ;αΆ¥ι¥­¨¥;9;1
711;51900081;PHI 12336 PR/C1;€‚’‹€€ ƒ€‹ƒ…‚€ 55W;αΆ¥ι¥­¨¥;7;1
712;51900089;PHI 12336LLECO/C1;€‚’‹€€ ƒ€‹ƒ…‚€ 55W ;αΆ¥ι¥­¨¥;2;1
713;51900082;PHI 12342 LLECO C1;Philips €‚’‹€€ ƒ€‹ƒ…‚€ 60/55W;αΆ¥ι¥­¨¥;3;1
714;51900087;PHI 12342PR/1B;‹€—€ H4 12V 60/55W P43t PREMIUM (“-€ -1 ’.);αΆ¥ι¥­¨¥;9;1
715;51900090;PHI 12342PR/‘1;€‚’‹€€ ƒ€‹ƒ…‚€ 60/55W ;αΆ¥ι¥­¨¥;11;1
716;51900104;PHI 12342VP/S2;‹€—€ H4 12V 60/55W P43t VISIONPLUS (€ - 2 ’.);αΆ¥ι¥­¨¥;1;1
717;51900097;PHI 12342XV+130 B1;€‚’‹€€ ƒ€‹ƒ…‚€ H4 12V 60/55W;αΆ¥ι¥­¨¥;;1
718;51900086;PHI 12496NA/CP;Philips €‚’‹€€ 21W;αΆ¥ι¥­¨¥;3;1
719;51900096;PHI 12498CP;€‚’‹€€ 21W ;αΆ¥ι¥­¨¥;13;1
720;51900095;PHI 12499CP;€‚’‹€€ 21/5W ;αΆ¥ι¥­¨¥;15;1
721;51900125;PHI 12499VP/B2;‹€—€ P21/5W 12V 21/5W BAY15D VISIONPLUS (“€. - 2 ’.);αΆ¥ι¥­¨¥;1;1
722;51900084;PHI 12521 CP;Philips €‚’‹€€ 1W;αΆ¥ι¥­¨¥;;1
723;51900127;PHI 12814/B2;‹€—€ R10W 12V 10W BA15S  (“-€ - 2 ’.);αΆ¥ι¥­¨¥;1;1
724;51900083;PHI 12821 CP;Philips €‚’‹€€ 5W;αΆ¥ι¥­¨¥;19;1
725;51900085;PHI 12844 CP;Philips €‚’‹€€ 5W;αΆ¥ι¥­¨¥;20;1
726;51900094;PHI 12961CP;€‚’‹€€ 5W ;αΆ¥ι¥­¨¥;10;1
727;51900115;PHI 12972PR/1B;‹€—€ H7 12V 55W PX26D BLUEVISION (“-€ - 1 ’.);αΆ¥ι¥­¨¥;2;1
728;51900092;PHI 12972PR/C1;€‚’‹€€ ƒ€‹ƒ…‚€ 55W ;αΆ¥ι¥­¨¥;3;1
729;51900093;PHI 12972XV+130S2;€‚’‹€€ ƒ€‹ƒ…‚€ 55W (“€‚€);αΆ¥ι¥­¨¥;3;1
730;51900091;PHI 55020VC/KM;‹…’ €‚’‹€ ƒ€‹ƒ…‚•;αΆ¥ι¥­¨¥;4;1
731;51900069;TYK 11-A364-01-2B;”€ ‡€„‰ ‘€ €  12;αΆ¥ι¥­¨¥;;1
732;51900064;Xenon  Blochok;Xenon BLOCHOK;αΆ¥ι¥­¨¥;;1
733;51900066;Xenon  LAMPA H1;Xenon H1;αΆ¥ι¥­¨¥;1;1
734;51900067;Xenon  LAMPA H3;Xenon H3 6000k;αΆ¥ι¥­¨¥;2;1
735;52000305;0-62-509;‚¨ΰγβ  Stanley 6 ΅?β ΰ¥Ά¥ΰα¨Ά­ ;€α¥ααγ ΰλ ¨ ―ΰ®η¥¥;1;1
736;52000326;32708;‡­   Ά ΰ¨©­λ©;€α¥ααγ ΰλ ¨ ―ΰ®η¥¥;1;1
737;52000384;892;FISCHER «¥¬  Ά ­β ¦­ ;€α¥ααγ ΰλ ¨ ―ΰ®η¥¥;;1
738;52000294;1-68-784;?β  §ΰ ¤Ά®΅λη­  1-2 (10 θβ);€α¥ααγ ΰλ ¨ ―ΰ®η¥¥;1;1
739;52000295;1-68-946;?β  §ΰ ¤Ά®΅λη­   (25 θβ);€α¥ααγ ΰλ ¨ ―ΰ®η¥¥;1;1
740;52000296;1-68-947;?β   RH 2  (10 θβ);€α¥ααγ ΰλ ¨ ―ΰ®η¥¥;1;1
741;52000458;1H1 857 521;‘’…‹ ‡…€‹€ ‹. VW GOLF III / VENTO / SEAT IBIZA/CORDOBA 91- (‹‘.);€α¥ααγ ΰλ ¨ ―ΰ®η¥¥;2;1
742;52000301;2-65-005; ΅?ΰ Ά¨ΰγβ® 10 θβ;€α¥ααγ ΰλ ¨ ―ΰ®η¥¥;;1
743;52000252;3 397 004 669;BOSCH ‘’…‹—. Eco „. 475 mm;€α¥ααγ ΰλ ¨ ―ΰ®η¥¥;1;1
744;52000218;3 397 004 670;BOSCH ‘’…‹—. Eco „. 500 mm;€α¥ααγ ΰλ ¨ ―ΰ®η¥¥;1;1
745;52000240;3 397 011 402;BOSCH ECO C65 QUICK CLIP;€α¥ααγ ΰλ ¨ ―ΰ®η¥¥;1;1
746;52000255;3 397 011 549;BOSCH ECO QUICK CLIP C70 28X700;€α¥ααγ ΰλ ¨ ―ΰ®η¥¥;1;1
747;52000241;3 397 013 448;BOSCH  AEROECO AE 34 FLAT BLADE TECHNOLOGY ;€α¥ααγ ΰλ ¨ ―ΰ®η¥¥;2;1
748;52000242;3 397 013 449;BOSCH AEROECO AE 40 FLAT BLADE ;€α¥ααγ ΰλ ¨ ―ΰ®η¥¥;1;1
749;52000243;3 397 013 450;BOSCH AEROECO AE45 FLAT BLADE ;€α¥ααγ ΰλ ¨ ―ΰ®η¥¥;2;1
750;52000244;3 397 013 451;BOSCH AEROECO AE 48 FLAT BLADE 470MM;€α¥ααγ ΰλ ¨ ―ΰ®η¥¥;3;1
751;52000245;3 397 013 452;BOSCH  AEROECO AE 50 FLAT BLADE TECHNOLOGY  500MM;€α¥ααγ ΰλ ¨ ―ΰ®η¥¥;2;1
752;52000247;3 397 013 454;BOSCH AEROECO AE55 FLAT BLADE 550MM;€α¥ααγ ΰλ ¨ ―ΰ®η¥¥;1;1
753;52000249;3 397 013 456;BOSCH AEROECO FLAT BLADE AE 65 650MM;€α¥ααγ ΰλ ¨ ―ΰ®η¥¥;3;1
754;52000460;357 075 111;ΰλ§£®Ά¨¨ ―¥ΰ¥¤­¨¥, ®¬―«¥β VW;€α¥ααγ ΰλ ¨ ―ΰ®η¥¥;16;1
755;52000463;357 837 015G;@‡€ ……„…‰ ‹…‚‰ „‚… VW RASSAT;€α¥ααγ ΰλ ¨ ―ΰ®η¥¥;1;1
756;52000462;357 837 226 A;“—€ ’€ ‡“’ VW PASSAT;€α¥ααγ ΰλ ¨ ―ΰ®η¥¥;2;1
757;52000464;357 839 015D;@‡€ „‚… ‡€„…‰ ‹…‚‰ VW RASSAT;€α¥ααγ ΰλ ¨ ―ΰ®η¥¥;1;1
758;52000318;42266;®§£ «γ¦γΆ η ­  3 Ά¨ε(RX-103);€α¥ααγ ΰλ ¨ ―ΰ®η¥¥;1;1
759;52000322;42267;®§£ «γ¦γΆ η ­  2 Ά¨ε (RX 109);€α¥ααγ ΰλ ¨ ―ΰ®η¥¥;;1
760;52000315;42300;®§£ «γ¦γΆ η­  2 Ά¨ε®¤   ΅¥«μ(RX 106);€α¥ααγ ΰλ ¨ ―ΰ®η¥¥;1;1
761;52000321;42932;®§£ «γ¦γΆ η ­  2 Ά¨ε USB;€α¥ααγ ΰλ ¨ ―ΰ®η¥¥;1;1
762;52000317;42947;®§£ «γ¦γΆ η ­  4 Ά¨ε(RX-105);€α¥ααγ ΰλ ¨ ―ΰ®η¥¥;1;1
763;52000276;5552;­ ΅®ΰ ®βΆ¥ΰβ¨ ―«®α®£γ΅ζλ ΰ α­λ© ―¨­ζ¥β;€α¥ααγ ΰλ ¨ ―ΰ®η¥¥;10;1
764;52000310;61059;‘βΰ?η  ¤Άγεαβ®ΰ®­­ο 12*5;€α¥ααγ ΰλ ¨ ―ΰ®η¥¥;1;1
765;52000312;61062;‘βΰ?η  ¤Άγεαβ®ΰ®­­ο 25*5;€α¥ααγ ΰλ ¨ ―ΰ®η¥¥;1;1
766;52000320;61455;®§£ «γ¦γΆ η ­  3 Ά¨ε(RX-107);€α¥ααγ ΰλ ¨ ―ΰ®η¥¥;1;1
767;52000313;61476;?§®«οζ?©­  αβΰ?η ,  ®«μ®ΰ®Ά  (6θβ);€α¥ααγ ΰλ ¨ ―ΰ®η¥¥;1;1
768;52000324;61564;®§£ «γ¦γΆ η ­  3 Ά¨ε;€α¥ααγ ΰλ ¨ ―ΰ®η¥¥;1;1
769;52000461;701 075 101;®¬―«¥β § ¤­¨ε ΅ΰλ§£®Ά¨®Ά VW (3’);€α¥ααγ ΰλ ¨ ―ΰ®η¥¥;3;1
770;52000385;8168;FISCHER «¥¬  Ά ­β ¦­ ;€α¥ααγ ΰλ ¨ ―ΰ®η¥¥;2;1
771;52000457;956655-M;POLCAR (701857522L) ‘’…‹ ‡…€‹€ €‚. T4 09.90 - 06.03;€α¥ααγ ΰλ ¨ ―ΰ®η¥¥;1;1
772;52000487;96303182;λ«μ­¨ ΰλη £  ®ΰ®΅¨ ―¥ΰ¥¤ η;€α¥ααγ ΰλ ¨ ―ΰ®η¥¥;1;1
773;52000484;96303360;GENERAL MOTORS ’€…– ‘’…‹—‘. DAEWOO LANOS;€α¥ααγ ΰλ ¨ ―ΰ®η¥¥;1;1
774;52000489;96304018;GM “—€ ‚“’. DAEWOO LANOS 97-;€α¥ααγ ΰλ ¨ ―ΰ®η¥¥;1;1
775;52000488;96304019;GM “—€ ‚“’. DAEWOO LANOS 97-;€α¥ααγ ΰλ ¨ ―ΰ®η¥¥;1;1
776;52000486;96562709/96562710;GENERAL MOTORS ‡ƒ‚ ……„. MATIZ (-’);€α¥ααγ ΰλ ¨ ―ΰ®η¥¥;1;1
777;52000485;96562711/96562712;GENERAL MOTORS ‡ƒ‚ ‡€„. MATIZ (-’);€α¥ααγ ΰλ ¨ ―ΰ®η¥¥;1;1
778;52000389;A8205;AUTOTECHTEILE  ›—€ƒ ‘’…‹—‘. ‹…‚. Mercedes ‹ (SPRINTER 2-t,SPRINTER 3-t,SPRINTER;€α¥ααγ ΰλ ¨ ―ΰ®η¥¥;1;1
779;52000445;AB030068C;"JONNESWAY ’‚€ 900¬¬
";€α¥ααγ ΰλ ¨ ―ΰ®η¥¥;;1
780;52000429;ABRD12;—…›‰ ‘‹‚›‰ ƒ……’ ABRD12;€α¥ααγ ΰλ ¨ ―ΰ®η¥¥;1;1
781;52000446;AE310021;JONNESWAY ‡*ς ‚€—?‚ “‹‚• ’ƒ;€α¥ααγ ΰλ ¨ ―ΰ®η¥¥;;1
782;52000377;AERO 450;„Ά?ΰ­¨¨ 450\17;€α¥ααγ ΰλ ¨ ―ΰ®η¥¥;1;1
783;52000379;AERO 475;„Ά?ΰ­¨¨ 475/19;€α¥ααγ ΰλ ¨ ―ΰ®η¥¥;1;1
784;52000381;AERO 550;„Ά?ΰ­¨¨ 550/22;€α¥ααγ ΰλ ¨ ―ΰ®η¥¥;2;1
785;52000447;AG010002;"JONNESWAY ™–? „‹ ‘’• ?‹…– *‡† ‰ 7*
";€α¥ααγ ΰλ ¨ ―ΰ®η¥¥;;1
786;52000448;AG010005;"JONNESWAY ™–? „‹ ‘’• ?‹…– *‡† ‡€ƒ“’‰ 7*
";€α¥ααγ ΰλ ¨ ―ΰ®η¥¥;;1
787;52000449;AG010143;JONNESWAY €ƒ€’”“–?€‹‰ “„€‰ ?‘’“…’ ‡? ‡? €‘€„€;€α¥ααγ ΰλ ¨ ―ΰ®η¥¥;;1
788;52000433;ALMAZ;•‹„€ ‘‚€€  ALMAZ;€α¥ααγ ΰλ ¨ ―ΰ®η¥¥;2;1
789;52000450;AN010092;"JONNESWAY ?‘’“…’ „‹ ‚?„“—“‚€ “‹‚• ’ƒ
";€α¥ααγ ΰλ ¨ ―ΰ®η¥¥;;1
790;52000260;AR020018;"JONNESWAY ®¬―ΰ¥αα®¬¥βΰ
";€α¥ααγ ΰλ ¨ ―ΰ®η¥¥;1;1
791;52000419;BANDEXK2;‘’—€ „‹ ’“  BANDEXK2;€α¥ααγ ΰλ ¨ ―ΰ®η¥¥;2;1
792;52000266;BELAVTO AF311; ΅®ΰ ¬¨­¨ ―ΰ¥¤®εΰ ­¨β¥«¥©;€α¥ααγ ΰλ ¨ ―ΰ®η¥¥;5;1
793;52000392;BELAVTO AP51; ΅®ΰ ―ΰ¥¤®εΰ ­¨β¥«¥© ;€α¥ααγ ΰλ ¨ ―ΰ®η¥¥;6;1
794;52000267;BELAVTO AP52; ΅®ΰ ―ΰ¥¤®εΰ ­¨β¥«¥© 5-30A;€α¥ααγ ΰλ ¨ ―ΰ®η¥¥;7;1
795;52000393;BELAVTO AP53; ΅®ΰ ―ΰ¥¤®εΰ ­¨β¥«¥©;€α¥ααγ ΰλ ¨ ―ΰ®η¥¥;5;1
796;52000355;Bk60025;ΰ¨γΰξΆ η  Άβ®¬® 600€ 0,25 25¬;€α¥ααγ ΰλ ¨ ―ΰ®η¥¥;1;1
797;52000357;Bk60045;ΰ¨γΰξΆ η  Άβ®¬® 900€ 0,3 4,5¬;€α¥ααγ ΰλ ¨ ―ΰ®η¥¥;;1
798;52000356;Bk60060;ΰ¨γΰξΆ η  Άβ®¬® 600€ 0,25 6¬;€α¥ααγ ΰλ ¨ ―ΰ®η¥¥;1;1
799;52000499;CC905;CARLIFE € ‘€‹”…’ ‡ ” 30*40 α¬ (3θβ);€α¥ααγ ΰλ ¨ ―ΰ®η¥¥;2;1
800;52000494;COCKPIT;‹‹ (‹—) COCKPIT;€α¥ααγ ΰλ ¨ ―ΰ®η¥¥;3;1
801;52000496;COCKPIT CLEANER;NX00203 ‹‹ COCKPIT CLEANER 200ML;€α¥ααγ ΰλ ¨ ―ΰ®η¥¥;12;1
802;52000472;DKG-10-16;„† €’€ •“’ ‡€’†‰ 10-16mm;€α¥ααγ ΰλ ¨ ―ΰ®η¥¥;6;1
803;52000473;DKG-12-20;„† €’€ •“’ ‡€’†‰ 12-20mm;€α¥ααγ ΰλ ¨ ―ΰ®η¥¥;10;1
804;52000474;DKG-16-25;„† €’€ •“’ ‡€’†‰ 16-25mm;€α¥ααγ ΰλ ¨ ―ΰ®η¥¥;10;1
805;52000475;DKG-20-32;„† €’€ •“’ ‡€’†‰ 20-32mm;€α¥ααγ ΰλ ¨ ―ΰ®η¥¥;10;1
806;52000476;DKG-32-50;„† €’€ •“’ ‡€’†‰ 32-50mm;€α¥ααγ ΰλ ¨ ―ΰ®η¥¥;10;1
807;52000477;DKG-40-60;„† €’€ •“’ ‡€’†‰ 40-60mm;€α¥ααγ ΰλ ¨ ―ΰ®η¥¥;10;1
808;52000478;DKG-50-70;„† €’€ •“’ ‡€’†‰ 50-70mm;€α¥ααγ ΰλ ¨ ―ΰ®η¥¥;10;1
809;52000471;DKG-8-12;„† €’€ •“’ ‡€’†‰ 8-12mm;€α¥ααγ ΰλ ¨ ―ΰ®η¥¥;2;1
810;52000387;F009;FANATIK CAMSIL … (20α¬);€α¥ααγ ΰλ ¨ ―ΰ®η¥¥;9;1
811;52000388;F010;"…+ ™?’€ ""22"" „‚ƒ‰ (45α¬)";€α¥ααγ ΰλ ¨ ―ΰ®η¥¥;8;1
812;52000443;F2211;‡‰ €’ MERCEDES SPRINTER CDI NEW 06-13;€α¥ααγ ΰλ ¨ ―ΰ®η¥¥;1;1
813;52000328;FU 216;‡ ―®΅?¦­¨¨ 100θβ;€α¥ααγ ΰλ ¨ ―ΰ®η¥¥;1;1
814;52000258;H08MTP09S;"JONNESWAY ®¬―«¥β γ£«®Άλε «ξη¥© ""TORX"" α ζ¥­βΰ¨ΰ®Ά ­­λ¬ θβ¨δβ®
";€α¥ααγ ΰλ ¨ ―ΰ®η¥¥;1;1
815;52000495;HELPIX;‹‹ (‹—) HELPIX 0.5L;€α¥ααγ ΰλ ¨ ―ΰ®η¥¥;7;1
816;52000293;HK-2061-14;Alloid ­ ΅®ΰ «ξη¥© 14 ―ΰ¥¤¬¥β®Ά (10-32¬¬);€α¥ααγ ΰλ ¨ ―ΰ®η¥¥;1;1
817;52000465;HP108 483;357839206B ‡€™…‹€ „‚… ‡€„. €‚. VW PASSAT 88-@^;€α¥ααγ ΰλ ¨ ―ΰ®η¥¥;2;1
818;52000480;HW525;„† €’€ ™…’€ ‘’…‹—‘’. €€‘ 530MM ;€α¥ααγ ΰλ ¨ ―ΰ®η¥¥;2;1
819;52000479;HW603;„† €’€ ™…’€ ‘’…‹—‘’.€€‘ 410 ¬¬;€α¥ααγ ΰλ ¨ ―ΰ®η¥¥;2;1
820;52000481;HW610;„† €’€ ™…’€ ‘’…‹—‘’. €€‘ 600MM ;€α¥ααγ ΰλ ¨ ―ΰ®η¥¥;2;1
821;52000438;IS09001;CAR MP4 PLAYER FM „“‹’;€α¥ααγ ΰλ ¨ ―ΰ®η¥¥;2;1
822;52000439;IS09002;CAR MP3 PLAYER FM „“‹’;€α¥ααγ ΰλ ¨ ―ΰ®η¥¥;2;1
823;52000500;JIAXIAO;JIAXIAO ‚“’€ 6¬¬;€α¥ααγ ΰλ ¨ ―ΰ®η¥¥;5;1
824;52000416;KANEBO101;†…€ ’€ KANEBO101;€α¥ααγ ΰλ ¨ ―ΰ®η¥¥;1;1
825;52000386;KING;‘… „‹ ‘’…‹ ;€α¥ααγ ΰλ ¨ ―ΰ®η¥¥;11;1
826;52000354;KOMPRESOR61488;®¬―ΰ¥α®ΰ Ά αγ¬ζ?;€α¥ααγ ΰλ ¨ ―ΰ®η¥¥;;1
827;52000289;KR-115200;Alloid «ξη ΰ®§Ά®¤­®© 8;€α¥ααγ ΰλ ¨ ―ΰ®η¥¥;1;1
828;52000288;KR-115250;Alloid «ξη ΰ®§Ά®¤­®© 10;€α¥ααγ ΰλ ¨ ―ΰ®η¥¥;1;1
829;52000329;KR-6091; ΅®ΰ ¬¥¤­λε θ ©΅;€α¥ααγ ΰλ ¨ ―ΰ®η¥¥;1;1
830;52000279;KT-2081-10;Alloid «ξη -βΰ¥ι®β  10 ¬¬.;€α¥ααγ ΰλ ¨ ―ΰ®η¥¥;1;1
831;52000280;KT-2081-12;Alloid «ξη -βΰ¥ι®β  12 ¬¬.;€α¥ααγ ΰλ ¨ ―ΰ®η¥¥;1;1
832;52000281;KT-2081-14;Alloid «ξη -βΰ¥ι®β  14 ¬¬.;€α¥ααγ ΰλ ¨ ―ΰ®η¥¥;1;1
833;52000282;KT-2081-15;Alloid «ξη -βΰ¥ι®β  15 ¬¬.;€α¥ααγ ΰλ ¨ ―ΰ®η¥¥;1;1
834;52000283;KT-2081-16;Alloid «ξη -βΰ¥ι®β  16 ¬¬.;€α¥ααγ ΰλ ¨ ―ΰ®η¥¥;1;1
835;52000284;KT-2081-17;Alloid «ξη -βΰ¥ι®β  17¬¬.;€α¥ααγ ΰλ ¨ ―ΰ®η¥¥;1;1
836;52000285;KT-2081-18;Alloid «ξη -βΰ¥ι®β  18¬¬.;€α¥ααγ ΰλ ¨ ―ΰ®η¥¥;1;1
837;52000287;KT-2081-19;Alloid «ξη -βΰ¥ι®β  19¬¬.;€α¥ααγ ΰλ ¨ ―ΰ®η¥¥;1;1
838;52000278;KT-2081-8;Alloid «ξη -βΰ¥ι®β  0.8 ¬¬.;€α¥ααγ ΰλ ¨ ―ΰ®η¥¥;1;1
839;52000365;LA 1020 W;” ΰ¨ ¤®¤ β®Ά? DLAA 1020 W;€α¥ααγ ΰλ ¨ ―ΰ®η¥¥;1;1
840;52000367;LA 1030 ERY;” ΰ¨ ¤®¤ β®Ά? DLAA 1030 ERY;€α¥ααγ ΰλ ¨ ―ΰ®η¥¥;1;1
841;52000361;LA 1039 W;” ΰ¨ ¤®¤ β®Ά? DLAA  1039 W;€α¥ααγ ΰλ ¨ ―ΰ®η¥¥;1;1
842;52000368;LA 1090 BRY;” ΰ¨ ¤®¤ β®Ά? DLAA LA 1090 BRY;€α¥ααγ ΰλ ¨ ―ΰ®η¥¥;1;1
843;52000360;LA 111 BL;” ΰ¨ ¤®¤ β®Ά? DLAA 111BL;€α¥ααγ ΰλ ¨ ―ΰ®η¥¥;1;1
844;52000363;LA 111 Y;” ΰ¨ ¤®¤ β®Ά? DLAA 111 Y;€α¥ααγ ΰλ ¨ ―ΰ®η¥¥;1;1
845;52000359;LA 2525;” ΰ¨ ¤®¤ β®Ά? DLAA 2525;€α¥ααγ ΰλ ¨ ―ΰ®η¥¥;1;1
846;52000369;LA 444 RY;” ΰ¨ ¤®¤ β®Ά? DLAA LA 444 RY;€α¥ααγ ΰλ ¨ ―ΰ®η¥¥;1;1
847;52000362;LA 519 DBW;” ΰ¨ ¤®¤ β®Ά? DLAA 519 DBW;€α¥ααγ ΰλ ¨ ―ΰ®η¥¥;1;1
848;52000366;LA 600 W;” ΰ¨ ¤®¤ β®Ά? DLAA 600 W;€α¥ααγ ΰλ ¨ ―ΰ®η¥¥;1;1
849;52000364;LA 992 RY;” ΰ¨ ¤®¤ β®Ά? DLAA 992 RY;€α¥ααγ ΰλ ¨ ―ΰ®η¥¥;1;1
850;52000358;LA 996 RY;” ΰ¨ ¤®¤ β®Ά? DLAA 996 RY;€α¥ααγ ΰλ ¨ ―ΰ®η¥¥;;1
851;52000290;M-160200;Alloid ¬®«®β® 200 £ΰ;€α¥ααγ ΰλ ¨ ―ΰ®η¥¥;1;1
852;52000291;M-160500-1;Alloid ¬®«®β® 500 £ΰ;€α¥ααγ ΰλ ¨ ―ΰ®η¥¥;;1
853;52000292;M-160800;Alloid ¬®«®β® 800 £ΰ;€α¥ααγ ΰλ ¨ ―ΰ®η¥¥;1;1
854;52000451;M06040;"JONNESWAY “‚€‹„€ 2.25ƒ
";€α¥ααγ ΰλ ¨ ―ΰ®η¥¥;;1
855;52000375;nakladki hrom;nakladki hrom 2109-099;€α¥ααγ ΰλ ¨ ―ΰ®η¥¥;1;1
856;52000423;NX11119; ‹…‰ „‹ ‡…€‹ NX11119;€α¥ααγ ΰλ ¨ ―ΰ®η¥¥;1;1
857;52000425;NX21129;”‘€’ NX21129;€α¥ααγ ΰλ ¨ ―ΰ®η¥¥;2;1
858;52000424;NX21139;”‘€’ NX21139;€α¥ααγ ΰλ ¨ ―ΰ®η¥¥;2;1
859;52000426;NX35309;ƒ……’ ‘‹‚›‰ —…›‰ NX35309;€α¥ααγ ΰλ ¨ ―ΰ®η¥¥;3;1
860;52000308;PF220;‚?βΰ®Ά¨ Trafik.Vivaro...;€α¥ααγ ΰλ ¨ ―ΰ®η¥¥;1;1
861;52000311;PF222;‚?βΰ®Ά¨ Sprinter;€α¥ααγ ΰλ ¨ ―ΰ®η¥¥;1;1
862;52000415;PLAK;‹‹ PLAK;€α¥ααγ ΰλ ¨ ―ΰ®η¥¥;6;1
863;52000262;PR 1014-0125;‹ … ƒ €’†‰ DAEWOO LANOS 97-, NEXIA 95-, OPEL VECTRA;€α¥ααγ ΰλ ¨ ―ΰ®η¥¥;1;1
864;52000264;PR 2314-0291;€ €’. DAEWOO LANOS 97- (OE 96225638) FRONT (L/R);€α¥ααγ ΰλ ¨ ―ΰ®η¥¥;2;1
865;52000437;PY-8004;AIR FRESHENER €€’‡€’ „‹ €‚’;€α¥ααγ ΰλ ¨ ―ΰ®η¥¥;178;1
866;52000340;QB-336 B;«¥¬  Ά ­β ¦­ ;€α¥ααγ ΰλ ¨ ―ΰ®η¥¥;1,5;1
867;52000256;RAMKA NOMERA;CarLife βΰ¨¬ η ­®¬¥ΰ­®£® §­   “‚…‘€‹›‰ ;€α¥ααγ ΰλ ¨ ―ΰ®η¥¥;5;1
868;52000335;RAMKA NOMERA 1;ΰ ¬  ­®¬¥ΰ  θ®¤ ;€α¥ααγ ΰλ ¨ ―ΰ®η¥¥;1;1
869;52000336;RAMKA NOMERA 2;ΰ ¬  ­®¬¥ΰ  €γ¤¨;€α¥ααγ ΰλ ¨ ―ΰ®η¥¥;1;1
870;52000337;RAMKA NOMERA 3;ΰ ¬  ­®¬¥ΰ  123-01 (η®ΰ­ ) η¥ΰΆ. αβ®―;€α¥ααγ ΰλ ¨ ―ΰ®η¥¥;1;1
871;52000338;RAMKA NOMERA 4;ΰ ¬  ­®¬¥ΰ  MLP 110 η¥ΰΆ. αβ®―;€α¥ααγ ΰλ ¨ ―ΰ®η¥¥;1;1
872;52000434;SKOL;•‹„€ ‘‚€€  SKOL;€α¥ααγ ΰλ ¨ ―ΰ®η¥¥;3;1
873;52000396;SOLARAF310; ΅®ΰ ―ΰ¥¤®εΰ ­¨β¥«¥© SOLARAF310;€α¥ααγ ΰλ ¨ ―ΰ®η¥¥;8;1
874;52000395;SOLARAF311; ΅®ΰ ―ΰ¥¤®εΰ ­¨β¥«¥© SOLARAF311;€α¥ααγ ΰλ ¨ ―ΰ®η¥¥;7;1
875;52000394;SOLARAF312; ΅®ΰ ―ΰ¥¤®εΰ ­¨β¥«¥© SOLARAF312;€α¥ααγ ΰλ ¨ ―ΰ®η¥¥;5;1
876;52000493;SOLARLC332;LED ‹€—€ SOLARLC332;€α¥ααγ ΰλ ¨ ―ΰ®η¥¥;2;1
877;52000399;SOLARLC333;LED ‹€—€ SOLARLC333;€α¥ααγ ΰλ ¨ ―ΰ®η¥¥;4;1
878;52000397;SOLARLF112;SOLARLF112;€α¥ααγ ΰλ ¨ ―ΰ®η¥¥;3;1
879;52000408;SOLARLF121;LED ‹€—€ SOLARLF121;€α¥ααγ ΰλ ¨ ―ΰ®η¥¥;1;1
880;52000492;SOLARLF183;LED ‹€—€ SOLARLF183;€α¥ααγ ΰλ ¨ ―ΰ®η¥¥;1;1
881;52000413;SOLARLF191; ΅®ΰ ―ΰ¥¤®εΰ ­¨β¥«¥© SOLARLF191;€α¥ααγ ΰλ ¨ ―ΰ®η¥¥;3;1
882;52000410;SOLARLF192;LED ‹€—€ SOLARLF192;€α¥ααγ ΰλ ¨ ―ΰ®η¥¥;6;1
883;52000406;SOLARLF194;LED ‹€—€ SOLARLF194;€α¥ααγ ΰλ ¨ ―ΰ®η¥¥;3;1
884;52000407;SOLARLS243;LED ‹€—€ SOLARLS243;€α¥ααγ ΰλ ¨ ―ΰ®η¥¥;5;1
885;52000403;SOLARLS247;LED ‹€—€ SOLARLS247;€α¥ααγ ΰλ ¨ ―ΰ®η¥¥;1;1
886;52000409;SOLARLS250;LED ‹€—€ SOLARLS250;€α¥ααγ ΰλ ¨ ―ΰ®η¥¥;3;1
887;52000402;SOLARLS258;LED ‹€—€ SOLARLS258;€α¥ααγ ΰλ ¨ ―ΰ®η¥¥;2;1
888;52000412;SOLARLS266;LED ‹€—€ SOLARLS266;€α¥ααγ ΰλ ¨ ―ΰ®η¥¥;1;1
889;52000401;SOLARLS268;LED ‹€—€ SOLARLS268;€α¥ααγ ΰλ ¨ ―ΰ®η¥¥;1;1
890;52000398;SOLARLS270;LED ‹€—€ SOLARLS270;€α¥ααγ ΰλ ¨ ―ΰ®η¥¥;1;1
891;52000411;SOLARLS277;LED ‹€—€ SOLARLS277;€α¥ααγ ΰλ ¨ ―ΰ®η¥¥;5;1
892;52000376;spoiler kapota;2110-12;€α¥ααγ ΰλ ¨ ―ΰ®η¥¥;1;1
893;52000436;SPRINTER 00;­ « ¤¨ ― ­¥«¨ α―ΰ¨­β¥ΰ α¤¨;€α¥ααγ ΰλ ¨ ―ΰ®η¥¥;1;1
894;52000309;ST-044;‚?βΰ®Ά¨ Vito;€α¥ααγ ΰλ ¨ ―ΰ®η¥¥;1;1
895;52000306;ST-096;‚?βΰ®Ά¨ VW Transporter t4;€α¥ααγ ΰλ ¨ ―ΰ®η¥¥;1;1
896;52000307;ST-099;‚?βΰ®Ά¨ VW Transporter t5;€α¥ααγ ΰλ ¨ ―ΰ®η¥¥;1;1
897;52000269;TIGER EVO;€‚’ ‘ƒ€‹‡€– 1 ‘’ TIGER EVOLUTION;€α¥ααγ ΰλ ¨ ―ΰ®η¥¥;1;1
898;52000270;TIGER SIRENA;SIRENA CIKLON;€α¥ααγ ΰλ ¨ ―ΰ®η¥¥;1;1
899;52000286;TRIADA;ΰλ§£®Ά¨¨  §¥«¥­λ¥;€α¥ααγ ΰλ ¨ ―ΰ®η¥¥;4;1
900;52000297;TRIADA RED;ΰλ§£®Ά¨ RED;€α¥ααγ ΰλ ¨ ―ΰ®η¥¥;2;1
901;52000298;TRIADA YELLOW;ΰλ§£®Ά¨ †‹’›…;€α¥ααγ ΰλ ¨ ―ΰ®η¥¥;2;1
902;52000459;TYC 337-0083;‡…€‹  VW TRANSPORTER T4 90= (“—., —…., ‚›“‹.);€α¥ααγ ΰλ ¨ ―ΰ®η¥¥;2;1
903;52000257;V1001;JONNESWAY ‡ «¥―®η­¨ γα¨«¥­­λ©;€α¥ααγ ΰλ ¨ ―ΰ®η¥¥;1;1
904;52000371;VETROVIK dodg;‚¥βΰ®Ά¨ ­  ¤®¤¦ ΰ ¬ Ά ­ Ά £®­;€α¥ααγ ΰλ ¨ ―ΰ®η¥¥;1;1
905;52000374;VETROVIK lada kalina;‚¥βΰ®Ά¨ lada kalina;€α¥ααγ ΰλ ¨ ―ΰ®η¥¥;1;1
906;52000372;VETROVIK vaz 2105-07;‚¥βΰ®Ά¨ ­  ¤®¤¦ ΰ ¬ Ά ­ Ά £®­;€α¥ααγ ΰλ ¨ ―ΰ®η¥¥;1;1
907;52000373;VETROVIK vaz 2111;‚¥βΰ®Ά¨ lada 111;€α¥ααγ ΰλ ¨ ―ΰ®η¥¥;1;1
908;52000418;VITALKA;€•—€ VITALKA;€α¥ααγ ΰλ ¨ ―ΰ®η¥¥;63;1
909;52000259;W45107S;"JONNESWAY  ΅®ΰ «ξη¥© ®¬΅¨­¨ΰ®Ά ­­λε βΰ¥ι®β®η­λε, 72 §γ΅ζ , 10-1

";€α¥ααγ ΰλ ¨ ―ΰ®η¥¥;;1
910;52000431;WD-40;WD-40 200ML;€α¥ααγ ΰλ ¨ ―ΰ®η¥¥;3;1
911;52000490;WD-40 400ml;WD-40 400ML;€α¥ααγ ΰλ ¨ ―ΰ®η¥¥;4;1
912;52000382;WIRE CLIP;®­β β¨;€α¥ααγ ΰλ ¨ ―ΰ®η¥¥;3;1
913;52000456;XOMUT METAL;•“’ …’€‹…‚‰ (€‹…‰);€α¥ααγ ΰλ ¨ ―ΰ®η¥¥;5;1
914;52000391;XOMUT10500;ε®¬γβ ―« αβ¨ η®ΰ­¨© 10*500;€α¥ααγ ΰλ ¨ ―ΰ®η¥¥;184;1
915;52000346;XOMUT48160;ε®¬γβ ―« αβ¨ η®ΰ­¨© 4.8*160;€α¥ααγ ΰλ ¨ ―ΰ®η¥¥;817;1
916;52000455;XOMUTMETAL1;•“’ …’€‹…‚‰ (‚…‹‰);€α¥ααγ ΰλ ¨ ―ΰ®η¥¥;12;1
917;52000498;€’…—€;€‚’?‹€ €’…—€ …τ „ƒ;€α¥ααγ ΰλ ¨ ―ΰ®η¥¥;3;1
918;52000302;€‹…‰€ ;€‹…‰ €‡›…;€α¥ααγ ΰλ ¨ ―ΰ®η¥¥;17;1
919;52000300;€‹…‰€ ƒ€‡;’…“ƒ‹ ƒ€‡;€α¥ααγ ΰλ ¨ ―ΰ®η¥¥;5;1
920;52000304;€‹…‰€ € €;€‹…‰ € ‹— …‡€€ ’ƒ ‘’;€α¥ααγ ΰλ ¨ ―ΰ®η¥¥;2;1
921;52000466;…—€’;GUIDE …—€’;€α¥ααγ ΰλ ¨ ―ΰ®η¥¥;83;1
922;52000467;…—€’-1;…—€’ †;€α¥ααγ ΰλ ¨ ―ΰ®η¥¥;7;1
923;52000497;…—€’-2;…—€’ —›…;€α¥ααγ ΰλ ¨ ―ΰ®η¥¥;12;1
924;52000265;‘β¥­¤ ¤«ο ΰ¥¬­?Ά;‹— „‹ …?‚;€α¥ααγ ΰλ ¨ ―ΰ®η¥¥;1;1
925;59903080;0 601 377 564;‹ƒ€€ bosch gws; §­®¥;1;1
926;59903000;10A1200C;@…… ‹‚›‰; §­®¥;;1
927;59902197;123-901;0852719 ‘…ƒ€ …‡. OPEL CORSA B,KADETT D/E,ASTRA CITROEN  DAEWOO; §­®¥;2;1
928;59902996;13 X 1175C DAYCO;@…… ‹‚.; §­®¥;1;1
929;59903045;1305-01-0004E;4MAX €‘’€ „‹ ’’ “ ‘ (0,5‹); §­®¥;3;1
930;59903071;15252B;CONFIA  AND RIPARA …’ ; §­®¥;1;1
931;59903108;1H0 798 303A;@‹……’ …‹. VW; §­®¥;1;1
932;59903109;1H1 819 743;€‹€„€ VW GOLF; §­®¥;7;1
933;59903103;1KO 971 228 L;„†ƒ“’ „’. „‹ ‹†  ‚‚ €; §­®¥;4;1
934;59903056;2021;TOSHIBA  AAA (LRO3) ‹?‘’…; §­®¥;4;1
935;59903055;2024;SONY CR 2032 (’€‹…’€); §­®¥;5;1
936;59903050;23AE;GP HIGH VOLTAGE 12V; §­®¥;9;1
937;59902989;4PK1510;@OPTIBELT …… ‹‹‚›‰; §­®¥;1;1
938;59902987;530 0003 10;@-’ €‘. VW 1,9D/TD/SDI/TDI; §­®¥;1;1
939;59903102;5511-00-9522224E;‘―®©«¥ΰ ΅ ¬―¥ΰ  Golf III Right; §­®¥;1;1
940;59902988;6 PK 1053 DAYCO;@‹‹. ……; §­®¥;1;1
941;59902971;61470;‡€„€ €“. PROSTOWNIK NB 1212 CS; §­®¥;1;1
942;59903004;6779009000;‹…‰€; §­®¥;1;1
943;59902990;6PK1152;@…… ‹‹‚. …I ‹I‹‚‰; §­®¥;1;1
944;59902972;6PK1468;¥¬¥­μ ―®«¨«¨­®Άλ© CITROEN PEUGEOT; §­®¥;1;1
945;59900061;70-31414-10;ƒ……’ REINZOSIL +300  70 ‹; §­®¥;5;1
946;59901908;701 399 201AG;„“€ . ……„. T4 D+E 2,0-2,5 8/92- (. “—.); §­®¥;2;1
947;59902910;701 711 166;ƒ‹‡€ ’ƒ ……‹. ……„. TRANSPORTER  91- VW; §­®¥;7;1
948;59903111;701 819 809H;@=701819809B O ‹€€ €ƒ…‚. VW T4 91-; §­®¥;2;1
949;59903106;701 837 019A01C;@‡€™…‹€ ‚“’. VW; §­®¥;1;1
950;59903112;701 959 263;@…‡‘’ VW; §­®¥;1;1
951;59901877;7D0 407 140A;SWB 7D0407183 ‘€‰‹…’‹ †. ›—€ƒ€ ……„. VW T4 96-; §­®¥;2;1
952;59901795;96143939;„† €’€ ’…‘’€’ - 1.5 SOHC/DOHC 1.6 DOHC ESPERO,LANOS,NUBIRA,NEXIA; §­®¥;2;1
953;59901761;96275018;€…— ’ƒ “‹…‚. ‹…‚. --DAEWOO LANOS; §­®¥;4;1
954;59903047;AAA-LR03;ENERGIZER AAA (LR03); §­®¥;8;1
955;59903161;AIRDEO;€€’‡€’ …—… 15g; §­®¥;16;1
956;59903160;AROMA;€€’‡€’ ‘…‰ 50ml; §­®¥;8;1
957;59903153;AVTO-MASTER;€‚’ €‘’… €‘’€ „‹ ’’ “ (0,550ƒ); §­®¥;9;1
958;59903154;AVTO-MASTER 1KG;€‚’-€‘’… €‘’€ „‹ ’’ “ (1000ƒ); §­®¥;23;1
959;59903016;BAN2;BAN2 KROON OIL  ­­¥ΰ; §­®¥;1;1
960;59903058;CR 2032;€€ ‘‹€ CR 2032 (’€‹…’€); §­®¥;7;1
961;59903049;CR2032;GP (’€‹…’€); §­®¥;3;1
962;59903057;DIGITAL;X-DIGITAL ALKALINE AA (LR6); §­®¥;2;1
963;59903155;DPH 19061;DPH 0636841 ‘€‹ “‹‘› LANOS; §­®¥;1;1
964;59903143;ERDOL 10W40 1L;0000003013 ERDOL 10W40 €?‚‘’…’—€ ’€ ‹‚€ 1‹; §­®¥;1;1
965;59903132;ERDOL 10W40 20L;0000003024 ERDOL 10W40 ’€ ‹‚€ „‹ ‚€’€†?‚ ’€ €‚’“‘?‚ 20L; §­®¥;2;1
966;59903142;ERDOL 10W40 4L;0000003014 ERDOL 10W40 €?‚‘’…’—€ ’€ ‹‚€ 4‹; §­®¥;2;1
967;59903141;ERDOL 10W40 DIESEL 1L;0000003018 ERDOL 10W40 DIESEL €?‚‘’…’—€ ’€ ‹‚€ 1‹; §­®¥;2;1
968;59903140;ERDOL 10W40 DIESEL 4L;0000003019 ERDOL 10W40 DIESEL €?‚‘’…’—€ ’€ ‹‚€ 4‹; §­®¥;2;1
969;59903144;ERDOL 15W40 20L;0000003027 ERDOL 15W40 ’€ ‹‚€ „‹ ‚€’€†?‚ ’€ €‚’“‘?‚ 20L; §­®¥;2;1
970;59903139;ERDOL 15W40 4L;0000003023 ERDOL 15W40 ’€ ‹‚€ € ?…€‹?‰ ‘‚? 4‹; §­®¥;2;1
971;59903138;ERDOL 5W30 1L;0000003009 ERDOL 5W30 ‘’…’—€ ’€ ‹‚€ 1‹; §­®¥;2;1
972;59903137;ERDOL 5W30 4L;0000003012 ERDOL 5W30 ‘’…’—€ ’€ ‹‚€ 4‹; §­®¥;2;1
973;59903146;ERDOL 5W30 LonglifeIII 1L;0000003008 ERDOL 5W30 Longlife III ‘’…’—€ ’€ ‹‚€ 1‹; §­®¥;2;1
974;59903145;ERDOL 5W30 LonglifeIII 4L;0000003007 ERDOL 5W30 Longlife III ‘’…’—€ ’€ ‹‚€ 4‹; §­®¥;2;1
975;59903136;ERDOL 5W40 1L;0000003011 ERDOL 5W40 ‘’…’—€ ’€ ‹‚€ 1‹; §­®¥;1;1
976;59903134;ERDOL 75W90 1L;0000003030 ERDOL 75W90 GL5 ’€‘?‘?‰€ ‹‚€ 1‹; §­®¥;3;1
977;59903133;ERDOL 80W90 1L;0000003031 ERDOL 80W90 GL5 ’€‘?‘?‰€ ‹‚€ 1‹; §­®¥;3;1
978;59903148;ERDOL ATF DEXTRON II D;0000003032 ERDOL ATF DEXTRON II D ?„€ € ?…€‹?‰ ‘‚? „‹ ƒ?„?„‘‹‚€—?‚ ’€ €‚’€’—• ’€‘?‘?‰ 1‹; §­®¥;1;1
979;59903147;ERDOL ATF DEXTRON III H;0000003033 ERDOL ATF DEXTRON III H ‘…–?€‹€ ‘’…’—€ ?„€ „‹ €‚’€’—• ’€‘?‘?‰ 1‹; §­®¥;3;1
980;59903152;ERDOL GW-11 1.5L;0000003050 ERDOL ANTIFRIES –…’€’ ‘‰ 1.5‹; §­®¥;1;1
981;59903151;ERDOL GW-11 5L;0000003051 ERDOL ANTIFRIES –…’€’ ‘‰ 5‹; §­®¥;3;1
982;59903150;ERDOL GW-12 1.5L;0000003055 ERDOL ANTIFRIES –…’€’ €‘›‰ 1.5‹; §­®¥;2;1
983;59903149;ERDOL GW-12 5L;0000003056 ERDOL ANTIFRIES –…’€’ €‘›‰ 5‹; §­®¥;2;1
984;59903171;ERDOL GW-13 5L; ANTIFRIES –…’€’ †‚’‰ 5‹; §­®¥;1;1
985;59903035;FBX025;†„‘’ ’. DOT 4 0.25L DOT4 0.25L; §­®¥;1;1
986;59903204;FBZ050;†„‘’ ’. DOT 5 0.5L  DOT 5 0.5L; §­®¥;1;1
987;59903117;FG6243;TURTLE WAX ‘’…’—…‘‰ ›‘’‘“€—‰ €‚’€“ 500g; §­®¥;1;1
988;59903104;G5A006JC;@‡€™’€ €€ (‚….) AUDI A4 2.6, 2.8 ……„.; §­®¥;1;1
989;59902993;GAT K025223XS;-’ €‘. VW 1,9D/TD/SDI/TDI  VW, SEAT, AUDI (GT T43069-1’ + GT 5223XS-1’); §­®¥;1;1
990;59903115;HG5622;HI-GEAR —‘’’…‹ ‘’…‹ 500g; §­®¥;1;1
991;59903105;HP103 155;@‡€™…‹€ ‡€„.; §­®¥;3;1
992;59902981;K16PRU-11.4;@3130 ‘‚…—€ ‡€†ƒ€; §­®¥;28;1
993;59903195;k2-1;‡€‡€ ‹’‚ 2 007 250ML; §­®¥;3;1
994;59902977;K20HRU-11;@3381 ‘‚…—€ ‡€†ƒ€; §­®¥;8;1
995;59902978;K20TXR-;@5063 ‘‚…—€ ‡€†ƒ€; §­®¥;2;1
996;59902920;KROON 0W-40 5L;02343 HELAR  α«® ¬®β®ΰ­®¥ α¨­β. 0W-40 5«; §­®¥;2;1
997;59902921;KROON 10W-40 1L;02222 EMPEROL  α«® ¬®β®ΰ­®¥ ―®«γα. 10W-40 1«; §­®¥;2;1
998;59902922;KROON 10W-40 1L;34468 EMPEROL DIESEL  α«® ¬®β®ΰ­®¥ ―®«γα. 10W-40 1« ; §­®¥;14;1
999;59902923;KROON 10W-40 5L;31328 EMPEROL DIESEL  α«® ¬®β®ΰ­®¥ ―®«γα. 10W-40 5« ; §­®¥;1;1
1000;59902924;KROON 10W-40 5L;02335 EMPEROL  α«® ¬®β®ΰ­®¥ ―®«γα. 10W-40 5«; §­®¥;2;1
1001;59903025;KROON 10W-40 D ROZLIV;34470 EMPEROL DIESEL  α«® ¬®β®ΰ­®¥ ―®«γα. 10W-40 ROZLIV 60L; §­®¥;30;1
1002;59903042;KROON 10W-40 ROZLIV;02222 EMPEROL  α«® ¬®β®ΰ­®¥ ―®«γα. 10W-40 ROZLIV 60L; §­®¥;1;1
1003;59902925;KROON 5W-30 1L;34202 DURANZA LSP  α«® ¬®β®ΰ­®¥ α¨­β. 5W-30 1«; §­®¥;4;1
1004;59902927;KROON 5W-30 1L;33483 AVANZA MSP  α«® ¬®β®ΰ­®¥ α¨­β. 5W-30 1«; §­®¥;6;1
1005;59902928;KROON 5W-30 1L;33892 MEGANZA LSP  α«® ¬®β®ΰ­®¥ α¨­β. 5W-30 1«; §­®¥;8;1
1006;59902929;KROON 5W-30 1L;31070 ASYNTHO  α«® ¬®β®ΰ­®¥ α¨­β. 5W-30 1«; §­®¥;11;1
1007;59902932;KROON 5W-30 5L;33496 AVANZA MSP  α«® ¬®β®ΰ­®¥ α¨­β. 5W-30 5«; §­®¥;3;1
1008;59902933;KROON 5W-30 5L;33893 MEGANZA LSP  α«® ¬®β®ΰ­®¥ α¨­β. 5W-30 5«; §­®¥;1;1
1009;59902934;KROON 5W-30 5L;20029 ASYNTHO  α«® ¬®β®ΰ­®¥ α¨­β. 5W-30 5«; §­®¥;2;1
1010;59902919;KROON 5W-40 1L;02219 EMPEROL  α«® ¬®β®ΰ­®¥ α¨­β. 5W-40 1«; §­®¥;10;1
1011;59902935;KROON 5W-40 1L;31257 SPECIALSYNTH MSP  α«® ¬®β®ΰ­®¥ α¨­β. 5W-40 1«; §­®¥;2;1
1012;59902937;KROON 5W-40 5L;02334 EMPEROL  α«® ¬®β®ΰ­®¥ α¨­β. 5W-40 5«; §­®¥;2;1
1013;59903041;KROON 5W-40 ROZLIV;12163 EMPEROL  α«® ¬®β®ΰ­®¥ α¨­β. 5W-40 ROZLIV 60L; §­®¥;54;1
1014;59902946;KROON 75W-90 1L;02205 KROON «¨Ά  βΰ ­α¬?α?©­  SYNGEAR 75W-90 1«; §­®¥;9;1
1015;59902947;KROON 75W/80W 1L;01210 KROON «¨Ά  βΰ ­α¬?α?©­  GEARLUBE RPC 75W/80 API GL-4 1«; §­®¥;11;1
1016;59902948;KROON 80W 1L;01209 KROON «¨Ά  βΰ ­α¬?α?©­  GEARLUBE GL-4 80W 1«; §­®¥;6;1
1017;59902949;KROON 80W-90 1L;33480 KROON «¨Ά  βΰ ­α¬?α?©­  GEARLUBE GL-4 80W-90 1«; §­®¥;3;1
1018;59902950;KROON ANTIFREEZE 1L;04202 KROON €­β¨δΰ¨§ α¨­¨© 1«.; §­®¥;2;1
1019;59902952;KROON ANTIFREEZE 1L;34677 KROON €­β¨δΰ¨§ SP-12 ΰ α­λ© 1«.; §­®¥;1;1
1020;59902953;KROON ANTIFREEZE 5L;34678 KROON €­β¨δΰ¨§ SP-12 ΰ α­λ© 5«.; §­®¥;2;1
1021;59902954;KROON ATF ALMIROL 1L;01212 KROON «¨Ά  βΰ ­α¬?α?©­  GM DEXRON IIIH 1«; §­®¥;11;1
1022;59902955;KROON ATF DEXRON II-D 1L;01208 KROON «¨Ά  βΰ ­α¬?α?©­  ATF DEXRON II-D 1«; §­®¥;1;1
1023;59902957;KROON ATF SP 2062 1L;33360 KROON MATIC «¨Ά  βΰ ­α¬?α?©­  1«. T.T-II.T-III.T-IV.; §­®¥;12;1
1024;59902958;KROON ATF SP 2082 1L;33725 KROON MATIC «¨Ά  βΰ ­α¬?α?©­  1« ATF T-III/T-IV/D-II/WS ; §­®¥;4;1
1025;59902941;KROON GREASE MP;03003 KROON ‡€‡€ MULTI PURPOSE GREASE 2 400g; §­®¥;1;1
1026;59902944;KROON PASTA GREASE;34077 KROON ‡€‡€ COOPER+PLUS 600g ; §­®¥;1;1
1027;59902938;KROON WD-40;40016 KROON ‡€‡€ PTO MOS2 300ML; §­®¥;1;1
1028;59902939;KROON WD-40;40018 KROON ‡€‡€ MAINTANCE SPRAY 300ML TEFSPRAY PTFE; §­®¥;1;1
1029;59903073;LM7585;LIQUI MOLY ‘’…’—…‘€ ‘€‡€ „‹ ’‡‰ †›„‘’; §­®¥;6;1
1030;59902984;MA20PU-.4;@5012 ‘‚…—€ ‡€†ƒ€; §­®¥;16;1
1031;59903048;MN2500;GP SUPER ALKALINE AA (LR6); §­®¥;32;1
1032;59903201;MOTOR LUX;(333) †„‘’ ’‡€ DOT4  (1‹); §­®¥;5;1
1033;59903202;MOTOR LUX-1;(333) †„‘’ ’‡€ DOT4  (0.5‹); §­®¥;5;1
1034;59903046;MX2400;DURACELL TURBO MAX  AAA (LRO3); §­®¥;;1
1035;59903107;N 100 134 01;‹’ †€ ‘–…‹… M7X40x20 VW GOLF 1,6-1,8; §­®¥;11;1
1036;59902991;PILNIK;›‹ €‚; §­®¥;95;1
1037;59902983;PK20PR-P8.4;@3245 ‘‚…—€ ‡€†ƒ€; §­®¥;8;1
1038;59902960;PN 58055;‡ α?΅ ¤«ο § ―γαγ ¤Ά¨£γ­  ( ¥ΰ) ¦/΅ 200¬«; §­®¥;1;1
1039;59902961;PN 61354;η¨αβ¨β¥«μ β®―«¨Ά­®© α¨αβ¥¬λ ( ΰ΅ξ) FUEL SYSTEM CLEANER 325 ¬«; §­®¥;1;1
1040;59902962;PN12293;ΰ¨α ¤  ¨­¦. DIESEL EXTREME CLEANER 0.5L ; §­®¥;1;1
1041;59902963;PN23379;η¨α­¨ ( ¥ΰ) ¤«ο Ά―γα  Ά®§¤γε  DIESEL EGR 200ML ; §­®¥;1;1
1042;59902964;PN29393;η¨α­¨ ¨­¦. EXTREME FUEL ECONOMY 0.5L; §­®¥;1;1
1043;59902965;PN29793;η¨α­¨ ¨­¦. EXTREME CLEANER 0.5L ; §­®¥;1;1
1044;59902966;PN29879;η¨α­¨ Ά―γα  Ά®§¤γε  ( ¥ΰ) 200ML; §­®¥;1;1
1045;59902967;PN47244;ΰ®¬λΆ  ¬ α«ο­®© α¨αβ¥¬λ ¦/΅ OIL SYSTEM CLEANER 325 ¬«; §­®¥;1;1
1046;59902968;PN50393;η¨α­¨ ¤«ο ¤¨§¥«ο DIESEL EXTREME EMISSION REDUCER 0.5L ; §­®¥;1;1
1047;59902969;PN76695;η¨αβ¨β¥«μ ¤«ο Άα¥ε β¨―®Ά ΅¥­§¨­®Άλε ¤Ά¨£ β¥«¥© ¦/΅ INJECTION SYSTEM PURGE 1L ; §­®¥;1;1
1048;59902982;Q16PRU-;@3137 ‘‚…—€ ‡€†ƒ€; §­®¥;4;1
1049;59902985;Q20PU-;@3125 ‘‚…—€ ‡€†ƒ€; §­®¥;4;1
1050;59903126;QB113-1371X;QB -’ …. €€‚‹. ‡€†€ ’. MB SPRINTER 2.3i / 2.1-2.9d/cdi / VITO (638) 2.0-3.8i; §­®¥;1;1
1051;59903052;R03;PHILIPS  AAA LONG LIFE 1.5V; §­®¥;4;1
1052;59903051;R14;PANASONIK GENERAL PURPOSE; §­®¥;8;1
1053;59903020;RT-HP1009;€‘‹€ €; §­®¥;3;1
1054;59903176;RUMAX;"R ARTEMIS EF 5W30 1«

"; §­®¥;1;1
1055;59903178;RUMAX  0W-30 POSIDON;"POSIDON LL-II 0W30 1«

"; §­®¥;4;1
1056;59903180;RUMAX 10W40 ;"RUMAX 10W40 BENZ DIZEL 1L POSIDON

"; §­®¥;12;1
1057;59903181;RUMAX 10W40 5L;"RUMAX 10W40 BENZ DIZEL 5L POSIDON

"; §­®¥;12;1
1058;59903194;RUMAX 10w40 rozlv;"poseydon ss 205 
"; §­®¥;175;1
1059;59903189;RUMAX 5W30  SYRINX FS 5L;"RUMAX 5W30 5L SYRINX FS

"; §­®¥;1;1
1060;59903184;RUMAX 5W30 APOLLO;"RUMAX 5W30 APOLLO 1L

"; §­®¥;6;1
1061;59903186;RUMAX 5W30 FE SAE ORPHEUS;"RUMAX 5W30 FE SAE ORPHEUS 1L

"; §­®¥;1;1
1062;59903188;RUMAX 5W30 FE SAE ORPHEUS;"RUMAX 5W30 FE SAE ORPHEUS 4L

"; §­®¥;1;1
1063;59903187;RUMAX 5W30 POSIDON SAE 1L;"RUMAX 5W30 POSIDON SAE 1L

"; §­®¥;1;1
1064;59903185;RUMAX 5W30HELIOS 5L;"RUMAX 5W30 APOLLO 5L

"; §­®¥;6;1
1065;59903190;RUMAX 5W40 5L POSIDON LL;"RUMAX 5W40 5L POSIDON LL

"; §­®¥;6;1
1066;59903191;RUMAX 5W40 GALEO 1L;"RUMAX 5W40 1L 

"; §­®¥;1;1
1067;59903193;RUMAX 5W40 GALEO 5L;"RUMAX 5W40 GALEO 5L

"; §­®¥;1;1
1068;59903192;RUMAX 5W401L POSIDON LL;"RUMAX 5W401L POSIDON LL

"; §­®¥;6;1
1069;59903182;RUMAX HELIOS 1L;"HELIOS 10W40 1L

"; §­®¥;6;1
1070;59903183;RUMAX HELIOS 5L;"RUMAX 10W40 HELIOS 5L

"; §­®¥;6;1
1071;59903179;RUMAX POSIDON 0W30;"POSIDON 0W30 LL-II 4L

"; §­®¥;6;1
1072;59903177;RUMAX R ARTEMIS EF 5W30 4;R ARTEMIS EF 5W30 4L; §­®¥;1;1
1073;59902918;S04H624101S;JONNESWAY “‚…‘€‹›‰ € ‘’“…’‚, 101…„…’; §­®¥;;1
1074;59903162;SACA 12X5;SACA ’…‘’?‰€ €‚’?‹€ ‘’?—€; §­®¥;1;1
1075;59903165;SACA 15X5;SACA ’…‘’?‰€ €‚’?‹€ ‘’?—€; §­®¥;4;1
1076;59903164;SACA 22X5;SACA ’…‘’?‰€ €‚’?‹€ ‘’?—€; §­®¥;1;1
1077;59903163;SACA 30X5;SACA ’…‘’?‰€ €‚’?‹€ ‘’?—€; §­®¥;2;1
1078;59903116;SP5111;STEP-UP ‚„’’€‹‚€™€ ‡€™’€ ’€ 500g; §­®¥;1;1
1079;59902980;T20EPU-;@5031 ‘‚…—€ ‡€†ƒ€; §­®¥;8;1
1080;59903119;T5335;TURTLE WAX ‚‹€†›‰ ‹‹ 500g; §­®¥;1;1
1081;59903120;T5336;FOSTER €’€ 750‹; §­®¥;1;1
1082;59903121;T5337;FOSTER €‚’€“ 350‹; §­®¥;1;1
1083;59903118;T5594;TURTLE WAX —‘’’…‹ ‘’…‹ 500g; §­®¥;1;1
1084;59903122;T5657;TURTLE WAX ‘“…‹…‘ €…€ ‡€™’€ 500g; §­®¥;1;1
1085;59903069;TARA 10L;“’‹€ ‹€‘’‚€ 10‹; §­®¥;2;1
1086;59903068;TARA 5L;“’‹€ ‹€‘’‚€ 5‹; §­®¥;33;1
1087;59902994;W16EPU-;@3018 ‘‚…—€ ‡€†ƒ€; §­®¥;12;1
1088;59902979;W20EPR-U;@3047 ‘‚…—€ ‡€†ƒ€; §­®¥;12;1
1089;59902986;W20EPU-;@3043 ‘‚…—€ ‡€†ƒ€; §­®¥;12;1
1090;59903114;WINTER 1L;‚€—; §­®¥;1;1
1091;59903061;WY22710;"WYNN""S ‘€„€ ICE PROOF FOR DIESEL 250ML"; §­®¥;1;1
1092;59903065;WY59403;"WYNN""S ‘€„€ H.P.L.S. (+STOP LEAK) 125ML"; §­®¥;1;1
1093;59903066;WY61479;"WYNN""S —‘ BRAKE AND CLUTCH CLEANER 500ML"; §­®¥;1;1
1094;59903062;WY70759;"WYNN""S ‘€„€ 3XA FOR PETROL 325ML"; §­®¥;1;1
1095;59903200;‹‘;›‚€’…‹ ‘’…‹€ 4 ‹ ‹‘; §­®¥;2;1
1096;59902995;ΰ ―®ΰ;”« £ KROON OIL; §­®¥;1;1
1097;59902975;‘β¥­¤;997429013‘β¥­¤ ¬¥β «¥Ά¨©; §­®¥;1;1
1098;59902970;‘β¥­¤;‘β¥­¤ WYNNS ; §­®¥;1;1
1099;59902976;‘β¥­¤ DENSO;‘β?©  ¤«ο ¥«¥¬¥­β?Ά; §­®¥;1;1
1100;59902998;‘β¥­¤ Denso;‘β¥­¤ DENSO; §­®¥;1;1
1101;59902974;‘β¥­¤ ¤«ο ¬ α« ;‘β¥­¤ ¬¥β «¥Ά¨©; §­®¥;1;1
