№;Предмет;Позначення;Найменування предмету;Категория;Залишок
1;50100018;87-502807-00;ПОРШЕНЬ 65.5(+0,50) VW 1.4 (AEX) 95-;Поршни;
2;50200042;03.3304-2208.1;ATE Кольцо уплотнительное тормозного цилиндра;Кольца;2
3;50200040;051 129 625B;КОЛЬЦО УПЛОТНИТЕЛЬНОЕ ВПУСКНОГО ВОЗДУХОВОДА;Кольца;1
4;50200036;08-112700-00;V 184  КОЛЬЦА ПОРШНЕВЫЕ 2.0 75-100PS STD 86ММ (2.5X2X3)  GOTZE;Кольца;2
5;50200038;850200000;КОЛЬЦА 81,0 STD 1,75-2-3 VW T4 1,8-2,5 90- A 3,6V8 1 ПОРШ.;Кольца;4
6;50200032;101-950;FISCHER Кольцо уплотнительное выхлопной системы BMW;Кольца;1
7;50200039;443 955 465;Кольцо уплотнительное бачка омывателя AU-VW;Кольца;3
8;50200034;50-306911-50;САЛЬНИК КЛАПАНА;Кольца;9
9;50300067;19015088;Сальник трансмісії ;Вкладыши;1
10;50400613;016 409 399B;САЛЬНИК ЗАДНЕГО ПРИВОДА ПРАВЫЙ 45x60x8;Прокладки и сальники;2
11;50400616;0220-01-0024P;026103383P ПРОКЛАДКА ГОЛ. VW 1,6-1,8 83-;Прокладки и сальники;1
12;50400617;0220-01-0206P;048129717A ПРОКЛАДКА КОЛЛЕКТОРА ВПУСК. VW 1,6-2,0 90-;Прокладки и сальники;2
13;50400619;0220-01-0217P;028129589B ПРОКЛАДКА КОЛЛЕКТОРА ВЫПУСК. VW/AUDI (КАПЛЯ);Прокладки и сальники;7
14;50400618;0220-01-0221P;026129717D ПРОКЛАДКА КОЛЛЕКТОРА ВПУСК. AUDI/VW 1,6-1,8 @;Прокладки и сальники;4
15;50400631;047 103 161A;ПРОКЛАДКА УЩИЛЬНЮВАЧ SEAT / SKODA/ VW;Прокладки и сальники;6
16;50400624;051 103 623;ЩИТОК МАСЛЯНОГО ПОДДОНА VW/SEAT;Прокладки и сальники;1
17;50400557;100 321 0003;01N321370 ПРОКЛАДКА НИЖН. КРЫШКИ КОРОБ. АВТ 4-B  A4,A6 95- , 80,90,PASS@^;Прокладки и сальники;2
18;50400180;110-906;ПРОКЛАДКА ТРУБЫ AUDI,VW DERBY GOLF,POLO;Прокладки и сальники;2
19;50400177;110-916;FISCHER Прокладка, труба вихлопного газу;Прокладки и сальники;2
20;50400621;130 75 60;SCANIA ПРОКЛАДКА ГРУЗОВИК P-, G-, R-, T- серии;Прокладки и сальники;2
21;50400608;1H0 823 499;КЛИПСА ;Прокладки и сальники;2
22;50400612;2020436;РУЧКА РЕГУЛИРОВКИ СИДЕНЬЯ НА ОПЕЛЬ ОМЕГА СД;Прокладки и сальники;1
23;50400623;5002487000;ПРОKЛ. ПЕР. ВОД. KОЛЛЕKТ. ВП. /ГОЛ. VW 1,6 /1,8 035121171C@ABM/PN ЗАМЕНА;Прокладки и сальники;4
24;50400130;5030667050;САЛЬHИK KЛАП. BMW / PSA / VW@ВПУСК./ВЫП.   universal  d8 AVIK;Прокладки и сальники;
25;50400614;61-29300-00;ПРОКЛАДКА ГОЛ. БЛОКА VW T4 1.8/2.0 AAC/PD;Прокладки и сальники;1
26;50400602;70-31943-00;ПРОКЛАДКА ПОДДОНА МАСЛА AUDI/VW 1.9D/TD 1Y/AAZ;Прокладки и сальники;1
27;50400606;701 501 191;Ограничитель хода рычага подвески задний;Прокладки и сальники;4
28;50400609;701 837 061 C;Личинка замка двери;Прокладки и сальники;1
29;50400604;867 857 169 ;Штифт крышки вещевого ящика;Прокладки и сальники;6
30;50400642;96179241;GENERAL MOTORS ПРОКЛАДКА (НИЖН.) КОРОБ. ПЕРЕД. DAEWOO NEXIA, ESPERO 95-;Прокладки и сальники;1
31;50400629;96322888;ЗАГЛУШКА ФЛАНЦА П/О ПРИВ. GOLF 1.5-2.0;Прокладки и сальники;1
32;50400645;AT-5407;НАБОР САЛЬНИКОВ;Прокладки и сальники;403
33;50400565;BOS256-314;ПРОКЛАДКА СИСТ. ВЫПУСК. Mercedes E-КЛАСС 220T CDI 07.99-03.03;Прокладки и сальники;1
34;50400603;CO12011153;321501641 САЛЬНИК ЗАДН. СТУП. 40x52/58x7,5 VW GOLF/PASSAT;Прокладки и сальники;1
35;50400597;CO12015750B;САЛЬНИК ПЕРВИЧНОГО ВАЛА КОРОБКИ ПЕРЕДАЧ FORD;Прокладки и сальники;2
36;50400610;CO12019250;САЛЬНИК КОЛЕНВАЛА П 40X52X7 OPEL/Fiat 1.3CDTI/1.3JTD;Прокладки и сальники;3
37;50400611;CO19016630;САЛЬНИК 18x30x7@MOTB;Прокладки и сальники;1
38;50400605;CO20015851;"85x105x12 САЛЬНИК ВАЛА З VW (БОЛЬШ.) ;VOLVO  (D1";Прокладки и сальники;1
39;50400676;EL026680;САЛЬНИК КЛАПАНА (ВСАС.) FORD 1.8/2.0 16V Duratec  04-;Прокладки и сальники;8
40;50400170;EL315494;"САЛЬНИК ВАЛА З 85x105x12 VW (БОЛЬШ.) ;VOLVO  (D16,D24,D24T,D24TIC)";Прокладки и сальники;1
41;50400100;EL325155;САЛЬНИК ВАЛА П МАЛ. 32x47x10 VW;Прокладки и сальники;
42;50400391;EL495620;044103609D ПРОКЛАДКА ПОДДОНА МАСЛА VW 1,9SDI 95-;Прокладки и сальники;1
43;50400230;EL508209;90X110X7 САЛЬНИК З PEUGEOT 1.6/1.9/1.8D/1.9D;Прокладки и сальники;
44;50400386;EL559336;030103383K ПРОКЛ. ГОЛ. VW 1,05-1,4 (D75,0);Прокладки и сальники;
45;50400135;EL621700;ПРОКЛАДКА КОЛЛЕКТОРА ВПУСК. VW 1.05-1.4 83-@BRON AVIK;Прокладки и сальники;
46;50400254;EL701289;САЛЬНИК КЛАПАНА (7) VW GTI/VR6 (027109675);Прокладки и сальники;8
47;50400162;EL915311;ПРОКЛАДКА ПОДДОНА МАСЛА VW T4 2,4D/2,5D/2,5 БЕНЗ. (5 ЦИЛ.)@BRON;Прокладки и сальники;1
48;50400615;EL915688;044103383D ПРОКЛАДКА ГОЛ. VW T4 1,8/2,0 91-;Прокладки и сальники;2
49;50400683;GLAX03743-01;ПРОКЛАДКА КОЛЛЕКТОРА ВЫПУСК. SEAT (CORDOBA,IBIZA II) VW GOLF II,GOLF;Прокладки и сальники;
50;50400346;HP100 079;020301227D 18x30x6,4/8,1 САЛЬНИК ПЕРЕКЛ. ПЕРЕД. VW GOLF A 1,5-2,0@^;Прокладки и сальники;3
51;50400620;HP100 087;020498085G РЕМ. К-Т !!!!САЛЬН. ДИФФЕР.+ ЗАГЛУШКА 50x65.2x10@^BRON;Прокладки и сальники;3
52;50400217;HP100 714;037115220B ПРОКЛАДКА ПОДДОНА МАСЛА (С ЗАЩИТОЙ) VW 1,9D@^ BRON;Прокладки и сальники;2
53;50400622;HP104 505;N0282062 ОРИНГ КРЕПЛ. ДАТЧИКОВ В ГОЛ. VW -90;Прокладки и сальники;13
54;50400643;HP201 218;0636841 САЛЬНИК ВАЛА РАСПР. OPEL OHC;Прокладки и сальники;2
55;50400630;LBU8881;САЛЬНИК;Прокладки и сальники;2
56;50400607;N 012 70 82;Шпонка шестерни коленвала;Прокладки и сальники;1
57;50400310;SAS1213273;40x58x11.3. Peugeot 206 САЛЬНИК П/О ЛЕВ.@С ПЛАСТИК. ЗУБ. ^;Прокладки и сальники;
58;50400578;TP207 217;TOPRAN КІЛЬЦЕ УЩІЛЬНЮВАЧ;Прокладки и сальники;
59;50500965;054 903 137;РЕМЕНЬ ПРИВОД.. (11,2x866) AUDI 80/90, VW PASSAT;Ремни;3
60;50500913;1 987 947 604;10X813 Ремень клинов. OPEL. VW. FORD. AUDI;Ремни;1
61;50500955;1 987 949 044;РЕМЕНЬ РАСПР. 136X1 PEUGEOT 1,8/1,9D;Ремни;1
62;50500930;10 X 725 DAYCO;РЕМЕНЬ КЛИНОВЫЙ 10x725@BRON AVIK VAZ;Ремни;1
63;50500932;10 X 760 DAYCO;РЕМЕНЬ КЛИНОВЫЙ 10x760@;Ремни;1
64;50500927;10 X 925 DAYCO;РЕМЕНЬ КЛИНОВЫЙ 10x925@BRON AVIK;Ремни;1
65;50500958;11.5 X 685;РЕМЕНЬ КЛИНОВ.;Ремни;1
66;50500816;13 X 1025 DAYCO;РЕМЕНЬ КЛИНОВЫЙ 13x1025@BRON AVIK;Ремни;1
67;50500926;13 X 1050 DAYCO;РЕМЕНЬ КЛИНОВЫЙ 13x1050@BRON;Ремни;1
68;50500928;13 X 1125 DAYCO;РЕМЕНЬ КЛИНОВЫЙ 13x1125@ BRON AVIK;Ремни;1
69;50500929;13 X 1300 DAYCO;РЕМЕНЬ КЛИНОВЫЙ;Ремни;1
70;50500915;4 PK 736 DAYCO;РЕМЕНЬ ПОЛИКЛИН.@ TRANSIT 2,0DI 00- Г/У !!!!! BRON AVIK;Ремни;1
71;50500916;5 PK 1125 DAYCO;РЕМЕНЬ ПОЛИКЛИНОВЫЙ 5PK1125@ВАЗ BRON AVIK;Ремни;1
72;50500967;5 PK 906;5PK906 РЕМЕНЬ ПОЛИКЛИНОВЫЙ BMW 3/5/Z3, ALFA ROMEO 145/146, FIAT, LANCIA;Ремни;1
73;50500987;6 PK 1054;6PK1054 РЕМЕНЬ ПОЛИКЛИНОВЫЙ ALFA ROMEO, FIAT DOBLO, FORD,HONDA;Ремни;1
74;50500414;6 PK 1125 DAYCO;РЕМЕНЬ ПОЛИКЛИНОВЫЙ 6PK1125@BRON  KANGOO AVIK ДР.;Ремни;1
75;50500350;6 PK 1145 DAYCO;DAYCO РЕМЕНЬ ПОЛИКЛИНОВЫЙ VW 1,9D/TD/SD/TD (ГЕНЕРАТОР) + (КОНД.);Ремни;1
76;50500919;6 PK 1200 DAYCO;РЕМЕНЬ ПОЛИКЛИНОВЫЙ 6PK1200@;Ремни;1
77;50500188;6 PK 1400;6PK1400 РЕМЕНЬ ПОЛИКЛИНОВЫЙ KANGOO@;Ремни;1
78;50500963;6 PK 1588 DAYCO;РЕМЕНЬ ПОЛИКЛИНОВЫЙ 6PK1588@BRON;Ремни;1
79;50500924;6 PK 1740 DAYCO;РЕМЕНЬ ПОЛИКЛИНОВЫЙ 6PK1740@BRON AVIK;Ремни;1
80;50500918;6 PK 1750 DAYCO;РЕМЕНЬ ПОЛИКЛИНОВЫЙ 6PK1750@BRON AVIK ДР.;Ремни;1
81;50500309;6 PK 1795;6PK1795 РЕМЕНЬ ПОЛИКЛИНОВЫЙ OPEL VAUXHALL ASTRA/VECTRA/CORSA/TIGRA/COMBO,;Ремни;1
82;50500910;6 PK 1815;6PK1815 РЕМЕНЬ ПОЛИКЛИНОВЫЙ FORD ESCORT/MONDEO/SIERRA/SCORPIO/FIESTA;Ремни;1
83;50500104;6 PK 1995 DAYCO;РЕМЕНЬ ПОЛИКЛИНОВЫЙ 6 PK 1995@BRON MOTB;Ремни;1
84;50500920;6 PK 2263 DAYCO;РЕМЕНЬ ПОЛИКЛИНОВЫЙ 6PK2263@ AVIK;Ремни;1
85;50500964;6 PK 894;6PK894 РЕМЕНЬ ПОЛИКЛИНОВЫЙ VW PASSAT/GOLF/VENTO, SEAT IBIZA/CORDOBA;Ремни;3
86;50500959;701 119 137 A;РЕМЕНЬ ПОЛИКЛИНОВЫЙ VW T;Ремни;3
87;50500922;7PK1790DY;РЕМЕНЬ ГЕНЕРАТОРА MASTERII 2.2-2.5DCI (+AC) 09.03- 7PK1795;Ремни;1
88;50500937;GAT K015323XS;К-Т РЕМНЕЙ РАСПР. AUDI 100 / VW LT   2.0D/TD  VW (GT T43049-1ШТ + GT T43048-1ШТ + GT T43047-1ШТ + GT 5494XS-1ШТ;Ремни;1
89;50500944;GAT K015479XS;GATES Роликовий модуль натягувача ремня (ролик,ремень) HYUNDAI ACCENT;Ремни;1
90;50500949;GAT K015606XS;Ремкомплект ремня ГРМ с роликами PEUGEOT 307/308/508/807;Ремни;1
91;50500925;GAT K015649XS;K-T ГРМ РЕМЕНЬ РАСПР. AUDI, SEAT,SKODA, VW 1.6TDI 02.09-;Ремни;1
92;50500960;GAT5424XS;РЕМЕНЬ РАСПР. AUDI 100 1.6 94-SEAT VW POLO, A4 1.6 94-;Ремни;1
93;50500961;GAT6217MC;@РЕМЕНЬ КЛИНОВЫЙ;Ремни;1
94;50500962;GAT6266MC;РЕМЕНЬ КЛИНОВ. (10x970) OPEL REKORD, DB 207 D;Ремни;3
95;50500645;GYG1171;"GOODYEAR РЕМЕНЬ РАСПР. 121X18 VW GOLF/PASSAT 1,3-1,8 74-;AUDI 80 4 ЦИЛ. 72-";Ремни;2
96;50600909;0 242 229 656;"(+3 ; WR8DC+) BOSCH СВЕЧА ЗАЖИГАНИЯ (0,8 mm) Super Plus Yttrium (1 ШТ.)"; Электрика;4
97;50600111;0 250 201 039;BOSCH СВЕЧА НАКАЛА DURATERM 11V OPEL,FIAT,PEUGEOT,BMW 80-@; Электрика;4
98;50600112;0 250 202 022;"BOSCH СВЕЧА НАКАЛА DURATERM 11V AUDI 80/100 1,9TDI; 2,5TDI 91- (под колпачок)@"; Электрика;
99;50600798;0 258 986 602;BOSCH ЛЯМБДА-ЗОНД УНИВЕРС.; Электрика;1
100;50600862;0 300 513 119;НАКОНЕЧНИК ДРОТУ ВИСОКОВОЛЬТНОГО; Электрика;5
101;50600853;02A 409 193;Направляющая шестерни спидометра; Электрика;3
102;50600845;02A 945 413;@02A 945 413 C ПЕРЕКЛ., ЗАДН. ФОНАРЬ(Я); Электрика;4
103;50600308;1 006 209 506;"BOSCH БЕНДИКС (МУФТА СВОБ. ХОДА) СТАРТЕРА AUDI 80 1,6; 100 5 ЦИЛ. БЕНЗ. 84-; BMW"; Электрика;3
104;50600875;1 127 319 727;МОСТ ДИОДНЫЙ; Электрика;1
105;50600827;1 235 522 370;Bosch КРЫШКА VW 1,05/1,3/1,6/1,9 84- (С БОЛТАМИ); Электрика;1
106;50600881;1 406 121R;052905225C БЕГУНОК РАСПРЕД. VW E 88-/OPEL E 88- (СРЕДН. ОТВ.) VOLVO 240; Электрика;1
107;50600880;1 415 099R;026905225K БЕГУНОК РАСПРЕД. VW 1,6 /1,8 85- (к АППАР. DUCELLIER); Электрика;2
108;50600807;1 953 459;ДАТЧИК ПОЛОЖЕН. ВАЛА ШАТУН. Mercedes A-КЛАСС 169 09-; Электрика;1
109;50600777;11 721 961;СВЕЧА НАКАЛА AUDI A4/A6/A8,VW PASSAT 2.5TDI (AFB/AKN/BAU/BDH) 07.98-05.05; Электрика;1
110;50600886;1111111;ШКИВ ЗАМКА; Электрика;3
111;50600893;13 62 7 843 531;; Электрика;57
112;50600894;13 621 4 33 077;Датчик температури bmw ; Электрика;305
113;50600772;15203/MG; ПОМПА ТОПЛИВА ЭЛЕКТР. (ЗАМ.- 463014/016/464008/013/019/032/038/048/051/056; Электрика;1
114;50600841;191 201 551A;" ПРОБKА ВЛИВА ТОПЛИВА  A80/A4GOLF 2; PASSAT 88- С КЛЮЧОМ"; Электрика;1
115;50600847;191 919 305B;ПРИКУРЮВАЧ AU-VW; Электрика;1
116;50600849;1H0 711 595;ШТОК ВИЛКИ ПЕРЕКЛЮЧЕНИЯ ПЕРЕДАЧ; Электрика;2
117;50600861;1H0 721 173;@НАКЛАД. ПЕДАЛИ ТОРМ. Seat (AROSA,CORDOBA,IBIZA II,INCA) VW (CADDY I; Электрика;5
118;50600851;1H0 837 141;Кронштейн ручки двери задней левой внутренней VW GOLF; Электрика;1
119;50600854;1H0 837 142;Корпус внутренней ручки VW GOLF; Электрика;2
120;50600842;1H0 837 226;РУЧКА ДВЕРИ VW GOLF/VENTO; Электрика;2
121;50600863;1H0 837 581D;@1H0 837 581 D ОКОН. РУКОЯТКА; Электрика;4
122;50600850;1H0 906 233;РАЗЬЕМ ПРОВОДКИ; Электрика;3
123;50600829;1H0 919 670;Модуль датчика для указателя уровня топлива GOLF 92-97; Электрика;1
124;50600833;1H1 837 015M;ЗАМОК ДВЕРИ ПЕРЕДНЕЙ ЛЕВОЙ VW GOLF/ VENTO; Электрика;1
125;50600834;1H1 837 016L;ЗАМОК ДВЕРЕЙ VW GOLF 92-98; Электрика;1
126;50600865;1H1 857 131;ЗАМОК ЯЩИКА ПАССАЖ. VW Golf, Jetta, Vento; Электрика;2
127;50600873;1H5 945 259;Группа контактная заднего фонаря VW GOLF; Электрика;1
128;50600855;1H6 857 147;@1H6 857 147 РУЧКА (И) ДЛЯ GLOVE COM; Электрика;2
129;50600753;204 012 060;АКБ AD ЛЕВ [+] 12V 62AH 480A 245*175*190; Электрика;
130;50600916;2112-1148200;Датчик положение дроссельной заслонки ВАЗ-21099; Электрика;1
131;50600915;2112-1160010-01;РЕГУЛЯТОР ДАВЛЕНИЯ ТОПЛИВА ВАЗ-2110-15; Электрика;1
132;50600918;245-1006020;ШКИВ РАСПРЕДВАЛА ТАВРИЯ; Электрика;1
133;50600919;2536308;ШЕСТЕРНЯ ПРИВОДА СПИДОМЕТРА LANOS; Электрика;1
134;50600879;3 131 090 055;Дополнительный резистор, система зажигания; Электрика;4
135;50600815;3021.92D50;Термостат з прокладкою; Электрика;1
136;50600882;3044140385;DELLO ПЕРЕКЛ. СВЕТА З/Х R 19/21; Электрика;1
137;50600869;333 945 257;ПАТРОН ЛАМПЫ ФОНАРЯ ЗАДНЕГО VW PASSAT; Электрика;1
138;50600858;357 121 267E;Кронштейн кріплення радіатора VW PASSAT; Электрика;4
139;50600828;357 711 590 B;Втулка рычага переключения передач; Электрика;1
140;50600860;357 827 563;КРЫШКА ЗАМКА БАГАЖНИКА VW GOLF/ PASSAT; Электрика;1
141;50600852;357 837 077B;Планка направляющая стеклоподъёмника VW PASSAT; Электрика;4
142;50600872;357 837 235;КОРПУС ВНУТРЕН.РУЧКИ VW PASSAT; Электрика;1
143;50600848;357 867 180;РУЧКА VW PASSAT; Электрика;1
144;50600843;357 881 671;@357881671 РУКОЯТКА РЕГУЛ. ПОЛОЖЕН. ЗАПОНКА СИДЕНЬЯ VW GOLF/VENTO 92-; Электрика;2
145;50600867;357 945 258; ДЕРЖАТЕЛЬ ЛАМП ЗАДНЕГО ФОНАРЯ VW PASSAT; Электрика;1
146;50600846;3A5 827 503;ЗАМОК КРИШКИ БАГАЖНИКА GOLF/ JETTA/ PASSAT; Электрика;1
147;50600870;3B0 955 531;РЕЛЕ СТЕКЛООЧИСТИТЕЛЯ; Электрика;1
148;50600832;408-202-011-002Z;SIEMENS VDO 037906457C КОНТРОЛЛЕР Х/Х VAG  1.8-2.5 83-@; Электрика;1
149;50600895;55591002;Датчик, температура, охлаждающая жидкость двигателя; Электрика;100
150;50600878;5DR004 241-451;РЕГУЛЯТОР НАПРЯЖ. VW ДЛЯ ГЕНЕРАТОРА; Электрика;2
151;50600840;701 827 162;ЗАМОК ДВЕРИ ЗАДНЕЙ VW CADDY 04-08; Электрика;3
152;50600839;701 827 635;ЗАМОК ДВЕРИ ЗАДНЕЙ VW EUROVAN/TRANSPORTER; Электрика;2
153;50600836;701 829 239 E;ЗАМОК КЛАПАННЫЙ EUROVAN 92-04 / TRANSPORTER 91-02; Электрика;1
154;50600877;701 837 020A;Ручка двери внутренняя правая VW T; Электрика;2
155;50600866;701 945 257;ПЛАТА ЗАДНЕГО ФОНАРЯ VW EUROVAN; Электрика;1
156;50600857;701 953 123;Покажчик повороту vw golf iii, 92-; Электрика;2
157;50600871;701 959 511;РЕЗИСТОР ДЛЯ МОТОРА ВЕНТИЛЯТОРА ОТОПИТЕЛЯ САЛОНА VW; Электрика;1
158;50600835;702 837 016 E;ЗАМОК ДВЕРИ ПРАВ.МЕХАН.ПЕРЕД.VW T4 90-03; Электрика;1
159;50600826;733 652 041 002;РЕЛЕ ВКЛЮЧЕНИЯ ПОВОРОТОВ RENAULT KANGOO; Электрика;1
160;50600837;7D0 843 704 A;РУЧКА РАЗДВЕЖНОЙ ДВЕРИ НАРУЖНАЯ VW EUROVAN/TRANSPORTER; Электрика;1
161;50600876;7D0 953 519;7D0953519 ПЕРЕКЛЮЧ. VW T4 96- (БЕЗ УПРАВЛЕНИЯ СТЕКЛООЧ. ЗАДН. СТЕКЛА); Электрика;1
162;50600864;7M0 951 253A;"7M0951253A РЕЛЕ ПРОТИВОВ. УСТАН. ПРИ ЗАПУСКА GOLF,PASSAT,T2,VENTO; AUDI 100 81-@"; Электрика;1
163;50600913;9432,3702;АВТОМОБИЛЬНАЯ ЕЛЕКТРОНИКА РЕГУЛЯТОР НАПРЯЖЕНИЯ; Электрика;1
164;50600900;96183235;ДОРОЖНЯ КАРТА ДАТЧИК ПОЛОЖЕН. ВАЛА ШАТУН. DAEWOO NUBIRA  (KLAJ) - 1.6 16V; Электрика;2
165;50600904;96190259;ДОРОЖНЯ КАРТА ВОДЯНОЙ НАСОС, СИСТЕМА ОЧИСТКИ ОКОН DAEWOO-LEGANZA (KLAV)-199706/20040; Электрика;1
166;50600921;96500023;ЖГУТ ПРОВОДОВ КРИШКИ БАГАЖНИКА DAEWOO SENS; Электрика;1
167;50600914;9702,3702;АВТОМОБИЛЬНАЯ ЕЛЕКТРОНИКА РЕГУЛЯТОР НАПРЯЖЕНИЯ; Электрика;1
168;50600905;993784025;ПОМПА ТОП.ЭЛ.(0 580 453 408/443) FORD/MAZDA/HONDA/MITSUB.; Электрика;1
169;50600889;A 001 988 80 81;ПИСТОН КРЕПЛЕНИЯ НАКЛАДКИ ДВЕРИ MERCEDES BENZ; Электрика;1
170;50600910;A-245.3841010.01;Комплект привода спидометра и скобы ЗАЗ (Таврия, Славута, Сенс); Электрика;1
171;50600901;AM-09-ST;ДОРОЖНЯ КАРТА ЭЛЕКТР. ПОМПА ТОПЛИВА Fiat, Lancia; Электрика;1
172;50600748;CAF100806P;AUDI A3 II1.9 TDI77 (105)05/03-2.0 TDIVW TOURAN1.9 TDI2.0 TDIAZV0; Электрика;1
173;50600746;CFF100416;OPEL VIVARO, RENAULT MASTER, TRAFIC II 1.9DCI 01->; Электрика;1
174;50600782;CH196;СВЕЧА НАКАЛА CONNECT 1.8TDCI; Электрика;4
175;50600830;D695O01;ФАРА ПРОТИВОТУМАННАЯ НА ДЕУ ЕСПЕРО ПР; Электрика;1
176;50600898;DK38-0400;ДОРОЖНЯ КАРТА ПРОВОД ПРИКУРИВАНИЯ 400А, 3м (-50С); Электрика;2
177;50600902;DK8021-AF-12V;Насос топл./перекач., погружной, D=50 12В алюмин. корпус, с фильтром, ; Электрика;1
178;50600903;DK8021-AF-24V;Насос топл./перекач., погружной, D=50 24В алюмин. корпус, с фильтром, ; Электрика;1
179;50600831;E2001832;ЗЕРКАЛО ЗАДНЕГО ВИДА ВАЗ ; Электрика;1
180;50600762;EPS1.830.086;; Электрика;
181;50600938;EXTREME 100 A;EXTREME АКБ 6CT-100 (0) KAMINA START; Электрика;1
182;50600937;EXTREME 100A;EXTREME АКБ 6CT-100 (0) ULTRA START (SMF); Электрика;1
183;50600930;EXTREME 45 A;EXTREME АКБ 6CT-45 (0) EXTREME JIS  KAMINA START; Электрика;1
184;50600931;EXTREME 45A;EXTREME АКБ 6CT-45 (1) KAMINA START; Электрика;1
185;50600941;EXTREME 50A;EXTREME АКБ 6CT-50 (0) ULTRA START (SMF); Электрика;1
186;50600933;EXTREME 60 A;EXTREME АКБ 6CT-60 (0) KAMINA START; Электрика;1
187;50600932;EXTREME 60A;EXTREME АКБ 6CT-60 (1) KAMINA START; Электрика;1
188;50600940;EXTREME 62 A;EXTREME АКБ 6CT-60 (0) ULTRA START; Электрика;1
189;50600939;EXTREME 62A;EXTREME АКБ 6CT-60 (1) ULTRA START; Электрика;1
190;50600934;EXTREME 75A;EXTREME АКБ 6CT-75 (0) KAMINA START; Электрика;1
191;50600935;EXTREME 77A;EXTREME АКБ 6CT-77 (0) ULTRA START (SMF); Электрика;1
192;50600936;EXTREME 80 A;EXTREME АКБ 6CT-80 (0) ULTRA START (SMF); Электрика;1
193;50600908;FAE77009;ЛЯМБДА-ЗОНД; Электрика;1
194;50600775;FE30616;ДАТЧИК ТЕМПЕРАТУРЫ Р-РА ОХЛАЖД. VW-Audi Alhambra,Arosa,Caddy 2,Caddy 2 Kas; Электрика;
195;50600825;FE30950;ПЕРЕКЛ. ПОВОРОТНИКОВ VW T4 9/90-6/95@^; Электрика;1
196;50600576;HP100 191;025906041A ДАТЧИК ТЕМПЕРАТУРЫ ВОДЫ VW синий@$^; Электрика;1
197;50600364;HP100 345;028919081D ДАТЧИК ДАВЛ. МАСЛА VW , 1.6mpi  SKODA@^; Электрика;3
198;50600573;HP101 508;068919081A ДАТЧИК ДАВЛ. МАСЛА (УПЛОТНЕНИЕ ПЛОСК.) 0,9bar (ЗЕЛЁН.) @^21-0115; Электрика;
199;50600868;HP101 551;070903803A РЕГУЛЯТОР НАПРЯЖ. 32mm VW AUDI BMW OPEL 1,05-2,4 A (BOSCH)@^; Электрика;1
200;50600874;HP102 977;191959481C85 ТЕРМОПЕРЕКЛ. 2-Х СКОР. 102-92/95-85°C AUDI, VW, SEAT, SKODA 83-00@; Электрика;1
201;50600377;HP103 158;"1H5955651 НАСОС СПРЫСКИВАТ. (ОЧИСТКИ СТЕКОЛ) VW VENTO 92-; PASSAT 91-@^"; Электрика;1
202;50600694;HP104 108;701919369D ДАТЧИК ТЕМПЕРАТУРЫ ВОДЫ VW T4 1,8/2,0 (4-Х КОНТ. /ЧЕРН. С ГОЛУБ.)@^; Электрика;1
203;50600844;HP104 115;701953519 ПЕРЕКЛ. СТЕКЛООЧИС. VW T4 9/90-6/95@^; Электрика;2
204;50600759;K16TT;"СВЕЧА ЗАЖИГАНИЯ Twin Tip (ЦЕНА ЗА 1 ШТ.) FIAT Punto;KIA Picanto"; Электрика;4
205;50600212;K20PBRS10;DENSO СВЕЧА ISKR VAG (SZT ); Электрика;4
206;50600911;KP0021;РЕЛЕ DAEWOO LANOS, NUBIRA, LEGANZA ,MATIZ; Электрика;1
207;50600887;KPS-012-1;MIFLET ПОДАВЛЕНИЯ КОНДЕНСАТОРА В КАТУШКАХ; Электрика;1
208;50600787;MN1500;DURACELL  AA (LR6); Электрика;17
209;50600023;Q20PRU;СВЕЧА ЗАЖИГАНИЯ (ЦЕНА ЗА 1 ШТ.) [V-LINE N.11]; Электрика;4
210;50600824;RC-FD545             0640;"NGK К-Т ПРОВОДОВ ЗАЖИГ. FORD Scorpio 2,0 94-; Trasit 2,0 95-"; Электрика;1
211;50600899;SL-3001;ДОРОЖНЯ КАРТА СИГНАЛ УЛИТКА СИНИЙ 12 V; Электрика;2
212;50600912;SS1010;AS-PL ТЯГОВОЕ РЕЛЕ; Электрика;1
213;50600859;V10-08-0202;@ПОМПА СПРЫСКИВАТ. СТЕКОЛ Ford (GALAXY) Seat (ALHAMBRA,IBIZA I,IBIZA II,INCA) Vo; Электрика;1
214;50600885;V10-72-0909;025906041A ДАТЧИК ТЕМПЕРАТУРЫ ВОДЫ VW PASSAT,POLO 88-  (темносиний); Электрика;1
215;50600948;VARTA D47;VARTA D47 12V 60AH 540A  АККАМУЛЯТОР Б\У; Электрика;1
216;50600758;W16EPRU11;СВЕЧА ЗАЖИГАНИЯ (ЦЕНА ЗА 1 ШТ.) [V-LINE N.6]; Электрика;4
217;50600927;ОП-12013;ШТУРМОВИК АВТОМОБИЛЬНАЯ ПЕРЕНОСНАЯ ЛАМПА (ПРИКУРЮВАЧ+КЛЕМИ АКУМУЛЯТОРА); Электрика;2
218;50700656;17670A80D00-000;ДОРОЖНЯ КАРТА ТЕРМОСТАТ, ОХЛАЖДАЮЩАЯ ЖИДКОСТЬ DAEWOO MATIZ/ TICO;Охлаждение;1
219;50700646;191 819 707B;ВСТАВКА У ПЕЧКУ;Охлаждение;2
220;50700641;327 959 455A;ВЕНТИЛЯТОР РАДИАТОРА AUDI 80 (SF/RU) VW PASSAT 2,0 (9A/2E) 88-;Охлаждение;1
221;50700652;7700105378;ПОМПА ВОДЫ RENAULT Clio 1,4 16v/1,6 16v 98-;Охлаждение;1
222;50700643;8EW009 100-341;КРЫЛЬЧАТКА ВЕНТИЛЯТОРА Transporter IV 90-00;Охлаждение;2
223;50700657;90184823;GM Муфта/фланец рулевой рейки Opel ;Охлаждение;1
224;50700655;96407677;ДОРОЖНЯ КАРТА ТЕРМОСТАТ, ОХЛАЖДАЮЩАЯ ЖИДКОСТЬ CHEVROLET-AVEO НАКЛОННАЯ ЗАДНЯЯ ЧАСТЬ;Охлаждение;3
225;50700607;EVR65412;"06A121011C/E/H ПОМПА ВОДЫ AUDI A3 1,8 (AGN/AGU) 96-; GOLF IV 1,8; OCTAVIA@AVIK";Охлаждение;1
226;50700647;HP103 135;1H0959455 WG ВЕНТИЛЯТОР РАДИАТОРА VW Golf (AAM/ABF/ABS/1Z/2E) 91-@^;Охлаждение;1
227;50700645;HP103 428;"321959511A ПЕРЕКЛ. ПЕЧКИ VW GOLF 83-90; T4 (МОДЕЛИ С КОНД.)";Охлаждение;1
228;50700518;HP107 304;037121058A ПАТРУБ. РЕЗИН. (РАДИАТОР МАСЛА/ШЛАНГ МЕТАЛ.) VW PASSAT 1,6D/1,9D (;Охлаждение;4
229;50700642;SW30919774;РЕЗИСТОР ВЕНТ. САЛОНА;Охлаждение;1
230;50700658;T80-950000;ТЕРМОСТАТ СЛАВУТА/ СЕНС;Охлаждение;1
231;50700240;WA4236.88D;WAHLER ТЕРМОСТАТ 88°C BMW 518i-520i-525i- 11/91- (M40,43,50,(M52 91-)@^;Охлаждение;1
232;50700599;WA4253.87D;WAHLER ТЕРМОСТАТ 87°C VW GOLF/VENTO/PASSAT  91-;Охлаждение;1
233;50700046;WA4264.87D;WAHLER ТЕРМОСТАТ 87°C VW 1,9D/TD 91-, A2 1,2-1,4 00-05, A4,A6,ROOMSTER,OCTAVI @^;Охлаждение;1
234;50700608;С117;DOLZ ВОДЯНАЯ ПОМПА ;Охлаждение;
235;50801079;026 103 469E;КРИШКА ГБЦ AU-VW;Разное по двигателю;1
236;50801081;044 109 126C;КОЖУХ ГРМ VW EUROVAN/ TRANSPORTER;Разное по двигателю;1
237;50801082;22-39001B;К-Т БОЛТОВ ГОЛ. (10 ШТ.) VW/AUDI 0,9-2,0 (С ШАЙБАМИ);Разное по двигателю;1
238;50801057;24376-4A030;ПЛАНКА НАТЯЖИТЕЛЯ ЦЕПИ БАЛАНСИРНОГО ВАЛА KIA SORENTO 2.5CRDI 07;Разное по двигателю;1
239;50801056;24388-4A030;ПЛАНКА НАТЯЖИТЕЛЯ ЦЕПИ ГРМ KIA SORENTO 2.5CRDI 07;Разное по двигателю;1
240;50801084;4642/BMAR;053109611 КЛАПАН ВЫП. AUDI A4,A6 / VW GOLF,T4 1.8-2.8 (ABC) 33.2x8x91.2@;Разное по двигателю;4
241;50801083;4643/SCR;048109601A КЛАП. ВПУСК. AUDI A4,A6 VW GOLF,T4 1.8-2.8 (ABC) 39.5x8x91.9@;Разное по двигателю;4
242;50801035;5393;ZEN МУФТА ГЕНЕРАТОРА  ;Разное по двигателю;1
243;50801094;90231882;GENERAL MOTORS ШЕСТЕРНЯ ВАЛА РАСПР. DAEWOO NEXIA 1.5 SOHC 94-, LANOS 1.5 SOHC 97-;Разное по двигателю;1
244;50801095;93740241;GENUINE Вкладыши шатунные Ланос Авео Лачетти 1.5, 1.6. + 0.25mm;Разное по двигателю;1
245;50801097;93744675;Регулятор холостого ходу CHEVROLET-KALOS-200503/-1851872032;Разное по двигателю;1
246;50801096;96182951;КРЫШКА (НИЖН.) РЕМНЯ РАСПР. DAEWOO NEXIA 1.5I SOHC 94-, LANOS 1.5I, 1.4I SOHC 9;Разное по двигателю;1
247;50801093;96182952;КРЫШКА (ВЕРХ.) РЕМНЯ РАСПР. DAEWOO NEXIA 1.5I SOHC 94-, LANOS 1.5I, 1.4I SOHC;Разное по двигателю;1
248;50801099;96221086;КРОНШТЕЙН ОПОРИ ДВИГАТЕЛЯ ЗАДНИЙ LANOS (T100);Разное по двигателю;1
249;50801098;96838024;GENERAL MOTORS РАСПРЕДЕЛИТЕЛЬНЫЙ ВАЛ DAEWOO LANOS 97 ->  1.5;Разное по двигателю;1
250;50800762;E60005;"0614526 ШЕСТЕРНЯ ВАЛА ШАТУH. OPEL  OHC 1.2/ 1,4 /1,6 91--; DAEWOO NEXIA 1.5@^ MG";Разное по двигателю;1
251;50801080;FE03604;050129761F ПОДСТАВКА КАРБЮР. VW mono впрыск;Разное по двигателю;3
252;50801024;GAT K015323XS;К-Т РЕМНЕЙ РАСПР. AUDI 100 / VW LT   2.0D/TD  VW (GT T43049-1ШТ + GT T43048-1ШТ + GT T43047-1ШТ + GT 5494XS-1ШТ;Разное по двигателю;2
253;50801029;GATK075491XS;GOETZE РОЛИК НАТЯЖИТ;Разное по двигателю;1
254;50801027;GATT42070;РОЛИК РЕМНЯ ГРМ ОБВОДНОЙ PG 206, 306, 307, 406, 607, BOXER, EXPER;Разное по двигателю;3
255;50800986;GT 3225-00050 3,2MM;Шланг топливный 3,2 мм;Разное по двигателю;15
256;50801019;GT 3225-00051 4.0MM;Шланг топливный 4 мм;Разное по двигателю;14,5
257;50801020;GT 3225-00052 6.0MM;Шланг топливный 6 мм;Разное по двигателю;13,5
258;50801021;GT 3225-00053 8.0MM;Шланг топливный 8 мм;Разное по двигателю;2
259;50801022;GT 3225-00054 10.0MM;Шланг топливный 10 мм;Разное по двигателю;12
260;50801023;GT 3225-00055 5.0MM;Шланг топливный 5 мм;Разное по двигателю;15
261;50801025;GT 3225-00056 7.0MM;Шланг топливный 7 мм;Разное по двигателю;11,5
262;50800717;HP101 024;053103663 УПЛОТНЕНИЕ ЩУПА МАСЛА VW 1,5-1,8@$^;Разное по двигателю;9
263;50801030;PR 1014-0194;РОЛИК НАПРАВЛ. ГРМ ESPERO 1.5 95-, LANOS 1.5,1.6 97-, NEXIA 1.5 97-@AVIK;Разное по двигателю;1
264;50901698;0 450 905 030;"=.063,202 ФИЛЬТР ТОПЛИВА VW (НЕ ВКРУЧ.)R19,21,25;PEUGEOT 405";Фильтр;1
265;50901504;0 450 905 930;"6110920201 ФИЛЬТР ТОПЛИВА DB A160/170CDI;VITO/SPRINTER 12/98-";Фильтр;1
266;50901568;1 987 432 361;ФИЛЬТР САЛОНА УГОЛЬН. BMW СЕРИЯ 5 95-;Фильтр;1
267;50901555;100 127 0007;ФИЛЬТР ТОПЛ. AUDI A3/GOLF IV 1,9TDI/SKODA OCTAVIA 1.9SDI/TDI 96@^;Фильтр;3
268;50901529;1109AP;=.089 ФИЛЬТР МАСЛА PEUGEOT 95-;Фильтр;10
269;50901605;1H0 819 638C;РАМКА ФИЛЬТРА;Фильтр;1
270;50901502;AF-9420;ФИЛЬТР ВОЗД. VW T4 2.0, 2.5, 2.8 VR6 94-, 1.9TD, 2.5D 96-@JPCV квадрат PRF ^;Фильтр;5
271;50901249;B21060PR;ФИЛЬТР ВОЗД. NISSAN ALMERA 1.5DCI N16 03.01-, KUBISTAR 1.5DCI 03.07-, RENAU;Фильтр;1
272;50900846;B3F029PR;ФИЛЬТР ТОПЛИВА FIAT 1,9/2.4 JTD 00- (OE. 46797378)@MOTB FN158;Фильтр;1
273;50901503;BSG 60-130-001;"=KL100/1  KNECHT ФИЛЬТР ТОПЛИВА DB A160/170CDI;VITO/SPRINTER 12/98-@AVIK";Фильтр;3
274;50901342;C119;"CHAMPION ФИЛЬТР МАСЛА LT 28-55 2,4D/TD 83-; T4 2,4D/2,5 БЕНЗ. VOLVO 740-760";Фильтр;1
275;50901620;DK55/3;ДОРОЖНЯ КАРТА ФИЛЬТР ТОПЛИВА CHEVROLET LACETTI 1.4-1.8 03/05-, MATIZ 0.8 03/05-;Фильтр;4
276;50901621;DK7129;ДОРОЖНЯ КАРТА ФИЛЬТР МАСЛА OPEL 1.8/2.5 98-/ DAEWOO LANOS, NEXIA, CHEVROLET AVEO/ LACETTI;Фильтр;5
277;50901622;DK8029;"ДОРОЖНЯ КАРТА ФИЛЬТР ТОПЛИВА ГАЗ-3302/ VW/ SKODA/ AUDI A3 1.6, 1.8T 20V, TT 1.8T 20V; SEAT TOLEDO II 1.6";Фильтр;4
278;50901528;DN 253;ФИЛЬТР ТОПЛИВА ;Фильтр;2
279;50901505;DN1908;ФИЛЬТР ТОПЛИВА MERCEDES  C220CDI (W203) 03-, VIANO 2.0CDI, 2.2CDI;Фильтр;5
280;50901681;HU68X;ФИЛЬТР МАСЛА MERCEDES SMART;Фильтр;1
281;50901566;KL147D;KNECHT ФИЛЬТР ТОПЛ. AUDI A3/GOLF IV 1,9TDI/SKODA OCTAVIA 1.9SDI/TDI 96- @AVIK;Фильтр;1
282;50901170;KL228/2D;"KNECHT ФИЛЬТР ТОПЛИВА DB E 200/220 CDI;VIANO 2.0 CDI;VITO 109/111 CDI 03-@";Фильтр;1
283;50901168;KX63/1;ФИЛЬТР ТОПЛИВА PEUGEOT DIESEL 93-, SCUDO 1.9D/TD 02/96-;Фильтр;
284;50901450;L413;ФИЛЬТР ТОПЛИВА KANGOO 1.9D F8Q ТОПЛИВНАЯ СИСТЕМА LUCAS;Фильтр;1
285;50901556;LA93;ФИЛЬТР САЛОНА AUDI A4/6 7/99-;Фильтр;1
286;50901515;LX330;ФИЛЬТР ВОЗД. RENAULT 19,MEGANE 1.9D;Фильтр;1
287;50901706;LX439/1;=LX439 KNECHT ФИЛЬТР ВОЗД. DB W202 (ВСЕ МОДЕЛИ)@ AVIK;Фильтр;
288;50901491;LX622;=LX422=LX448 KNECHT ФИЛЬТР ВОЗД. AUDI A4 94-,PASSAT 10/96-@ AVIK;Фильтр;1
289;50900076;OC105;"ФИЛЬТР МАСЛА LT 28-55 2,4D/TD 83-; T4 2,4D/2,5 БЕНЗ. VOLVO 740-760 (D24T)";Фильтр;1
290;50901557;OC485;ФИЛЬТР МАСЛА VW/AUDI A4 2,6/2,8E V6 94-;Фильтр;1
291;50900819;OC90OF;KNECHT ФИЛЬТР МАСЛА OPEL БЕНЗ. 85- (БЕЗ УПАКОВКИ) @;Фильтр;4
292;50901540;OC976;=OC310  KNECHT ФИЛЬТР МАСЛА CITROEN/FIAT/TOYOTA 1.9D/2.0HDI 07/9@AVIK;Фильтр;1
293;50901521;OX143D OEKO;"KNECHT ФИЛЬТР МАСЛА AUDI A3 1,9TDI 96-;OCTAVIA 1.9SDI/TDI 96-@AVIK";Фильтр;2
294;50900847;OX153D3 OEKO;KNECHT ФИЛЬТР МАСЛА DB C220 CDI@ПОП AVIK;Фильтр;1
295;50901149;OX156D OEKO;KNECHT ФИЛЬТР МАСЛА BMW 530D/730D 10/98-@;Фильтр;
296;50901629;PAC-010PMC;ФИЛЬТР ВОЗД. LEGANZA;Фильтр;1
297;50901506;PF-1116;"ФИЛЬТР ТОПЛИВА DB A160/170CDI;VITO/SPRINTER 12/98-@AVIK";Фильтр;6
298;50901483;PR 1511-0304;ФИЛЬТР ВОЗДУШНЫЙ ALFA ROMEO 145, 146 95-01, FIAT BRAVA, BRAVO 95-;Фильтр;1
299;50901485;PR 1511-0601;ФИЛЬТР ВОЗДУШНЫЙ MERCEDES W201 82-93, W124 85-93;Фильтр;1
300;50901471;PR 1511-1003;ФИЛЬТР ВОЗДУШНЫЙ VW TRANSPORTER (T4) 90-03;Фильтр;1
301;50901457;PR 1512-1007;ФИЛЬТР ВОЗДУШНЫЙ VW GOLF, JETTA 87-91, PASSAT 88-97, AUDI 100, A6;Фильтр;1
302;50901455;PR 1512-2637;ФИЛЬТР ВОЗДУШНЫЙ BMW X5 04-;Фильтр;1
303;50901558;PR 1520-0802;ФИЛЬТР САЛОНА RENAULT KANGOO II 1.6 16V, 1.5DCI 02/08-;Фильтр;1
304;50901446;PR 1530-1047;ФИЛЬТР ТОПЛИВНЫЙ VW GOLF, JETTA, VENTO 83-99, PASSAT 88-97, LT 28;Фильтр;1
305;50901451;PR 1530-2677;ФИЛЬТР ТОПЛИВНЫЙ SEAT ALTEA 05-. LEON 05-. TOLEDO 05- (TDI) SKODA;Фильтр;1
306;50901447;PR 1531-0622;ФИЛЬТР ТОПЛИВНЫЙ MERCEDES W202, W210 W124, SPRINTER 83-06;Фильтр;1
307;50901563;PR 1535-0002;ФИЛЬТР ТОПЛ. HYUNDAI  ACCENT;Фильтр;1
308;50901480;PR 1541-0311;ФИЛЬТР МАСЛЯНЫЙ FIAT DOBLO 05-. PUNTO 03-. IDEA 07-. LINEA 07-. P;Фильтр;1
309;50901553;PR 1541-0631;ФИЛЬТР МАСЛА MERCEDES SPRINTER 208-412 2.9D;Фильтр;2
310;50901507;PX A1050;VW ВКЛАД ФИЛЬТРА ВОЗД.;Фильтр;3
311;50901513;SB2187; SCT ФИЛЬТР ВОЗД. 2187;Фильтр;2
312;50901460;U628;"CHAMPION ФИЛЬТР ВОЗД. DB 200E W124 10/92-5/93;E200/220 W124";Фильтр;1
313;50901462;U640;"OPEL CORSA B 1.0-1.6 16V 94-; TIGRA 1.4-1.6 94-";Фильтр;1
314;50901463;U663;CHAMPION ФИЛЬТР ВОЗД. FORD FIESTA 1,8D/TD 3/94-;Фильтр;1
315;50901465;U718;CHAMPION ФИЛЬТР ВОЗД. OPEL Corsa C 9/00-;Фильтр;1
316;50901466;U738;ФИЛЬТР ВОЗД. Ford Mondeo 1.8i, 2.0i, 2.0DI, 2.5i V6 11/00-;Фильтр;1
317;50901468;U757;ФИЛЬТР ВОЗДУШНЫЙ RENAULT KANGOO 1.9D(F8Q.632) 98-;Фильтр;1
318;50901454;WA6174;ФИЛЬТР ВОЗД. MERCEDES 250D, 250TD СЕРИЯ W124, 250 GD (МОТ. OM602.931);Фильтр;1
319;50901453;WA6175;WIXFILTRON ФИЛЬТР ВОЗД. MERCEDES 300D СЕРИЯ W124, 300GD 6 ЦИЛ, 350GDT;Фильтр;1
320;50901456;WA6220;"ФИЛЬТР ВОЗД. AUDI A4 1.8I 20V, 1.9TDI, A6 1.8T, 2.4I; BMW 530I V8";Фильтр;1
321;50901464;WA6337;ФИЛЬТР ВОЗД. OPEL VECTRA 1.6I 8V, 1.6I 16V (МОТ. 1598CC. 75/100HP);Фильтр;1
322;50901547;WA6406WIX;ФИЛЬТР ВОЗД. FORD TRANSIT FT 160, 190 2.5D -88, 1.6, 2.0 -91;Фильтр;1
323;50901448;WF8068;ФИЛЬТР ТОПЛИВА FIAT BRAVO, BRAVA 1.9D DIESEL S, SX 9/95-, TIPO ВСЕ МОДЕЛ;Фильтр;1
324;50901328;WF8388WIX;ФИЛЬТР ТОПЛИВА VW/AUDI 1.9/2.0 TDI  05/03-;Фильтр;1
325;50901526;WL7505;ФИЛЬТР МАСЛА BMW 318/320TD  09/2001-;Фильтр;1
326;50901473;X103;CHAMPION  ФИЛЬТР МАСЛА DB W124/201 DIESEL OM601, 602;Фильтр;1
327;50901474;XE507;CHAMPION  ФИЛЬТР МАСЛА OPEL VECTRA B 2.0TDI/2.2TDI@AVIK;Фильтр;1
328;50901475;XE508;CHAMPION ФИЛЬТР МАСЛА DB C220 CDI MERCEDES;Фильтр;1
329;50901476;XE515;CHAMPION  ФИЛЬТР МАСЛА VW SHARAN/GALAXY 2,8-VR6, TOUAREG 3,2i,3,6 FSI @ AVIK;Фильтр;1
330;50901478;XE529;"ФИЛЬТР МАСЛА CITROEN C2, C3, XSARA 1.4 HDI; FORD FIESTA V 1.4 (03/02-), FOCU";Фильтр;1
331;50901484;XE555;MERCEDES A CLASS A160CDI, A170CDI;Фильтр;1
332;51000287;1878 006 442;ДИСК СЦЕПЛЕН. D200mm  RENAULT 19/21/VOLVO 440-480 MITSU CARISMA 1.6/1.7 83-@;Сцепление и КПП;1
333;51000304;1H0 711 116A;1H0711116A ТЯГА ПЕРЕКЛ. ПЕРЕД. VW Golf/Vento;Сцепление и КПП;1
334;51000300;323 0339 10;ДИСК СЦЕПЛЕН. D228mm SKODA OCTAVIA (AGR) 1,9TDI VW GOLF 3/4,CADYY,PASSAT 93-@;Сцепление и КПП;2
335;51000308;DK.16.620.0605;ДОРОЖНЯ КАРТА К-Т СЦЕПЛЕН. D203mm Daewoo lanos 1,5 8V 97- ;Сцепление и КПП;1
336;51000301;HP107 397;02A409197 ШЕСТЕРНЯ СПИДОМЕТРА VW Passat 88- (КОРОБ. 4+5 ПЕРЕД.)@^;Сцепление и КПП;1
337;51000299;HP107 535;095409197A ШЕСТЕРНЯ СПИДОМЕТРА Golf/Passat/A3/Octavia 1.6-2.3 91- (АВТОМ.)@^;Сцепление и КПП;2
338;51000106;HP107 673;191798211S РЕМ. К-Т ТЯГИ ПЕРЕКЛ. ПЕРЕД. VW GOLF JETTA 1,6-1,8 83-91@^;Сцепление и КПП;1
339;51000302;HP108 575;191721559 ВТУЛКА ПЕДАЛИ СЦЕПЛЕН. VW POLO GOLF 1,05-1,8 83-91;Сцепление и КПП;2
340;51000286;HP108 836;1J0711803C КРОНШТЕЙН ПЕРЕКЛ. ПЕРЕД. Golf 97-, Bora 97-, A3 1.6 96-, Toledo 98-,;Сцепление и КПП;1
341;51000312;HP201 534;0724414 ШЕСТЕРНЯ ПРИВ. ТРОСА СПИДОМ.OPEL (КОРОБ. F10/F13/F16)-13z@^;Сцепление и КПП;1
342;51100267;171 721 555;ТРОС ПЕДАЛИ ГАЗА ГОЛЬФ 2;Тросы;1
343;51100268;1H0 721 555D;1H0721555D ТРОС ГАЗА VW GOLF/VENTO 1,4-1,6 91-;Тросы;1
344;51100269;1H1 721 335A;1H1721335A ТРОС СЦЕПЛЕН. VW GOLF/VENTO 91-92  (L=854);Тросы;2
345;51100270;357 957 803A;357957803A ТРОС СПИДОМЕТРА VW Passat 93-;Тросы;2
346;51100271;701 609 701;701609701 ТРОС ТОРМ. РУЧНОГО (ЛЕВ. ПРАВ.) VW T4 91-;Тросы;1
347;51100226;AD27.0217;6015201185 ТРОС ТОРМ. РУЧНОГО DB 207/310 77- (ЗАДНИЙ) L=1806;Тросы;
348;51100275;C70011D;ТРОС ТОРМ. (ЛЕВ., ЗАДН.) DAEWOO NUBIRA I,II;Тросы;1
349;51100274;C70012D;ТРОС ТОРМ. (ПРАВ., ЗАДН.) DAEWOO NUBIRA I,II;Тросы;1
350;51100260;NK903698;NK ТРОС ТОРМ. РУЧНОГО OPEL ASTRA / Zafira ВСЕ (КОЛОД. ТОРМ.) 98- КОРОТКИЙ@^;Тросы;3
351;51206099;0206-01-0229P;1H0199609E ПОДУШКА ДВИГ. ПЕРЕДН. VW GOLF/VENTO 1,4/1,6 (ABD/ABU) 91-;Подвеска;1
352;51206092;0206-01-0238P;701199201G ПОДУШКА ДВИГ. П/Л VW T4 1,9D/TD (1X/ABL) 91-;Подвеска;3
353;51206159;0206-01-3003P;"3A0199402 ПОДУШКА ДВИГ. (ЛЕВ.) VW GOLF 2,0-16V/2,8VR6;PASSAT 1,6/1,8/1,";Подвеска;1
354;51206161;027 145 531A;КРОНШТЕЙН КРЕПЛЕНИЯ VW GOLF;Подвеска;1
355;51206192;2875013;ДОРОЖНЯ КАРТА ПОДУШКА КРОНШТ. СТАБИЛИЗАТОРА DAEWOO (ESPERO,LANOS;Подвеска;10
356;51206122;037 133 374F;ВТУЛКА УПЛОТНИТЕЛЬНАЯ КЛАПАНА ХОЛОСТОГО ХОДА VW T;Подвеска;9
357;51206106;191 407 181A GP;FE07857 САЙЛЕНТБЛОК РЫЧАГА VW GOLF 84-;Подвеска;1
358;51206097;191 419 811;НАКОЧНИК ПОПЕРЕЧНОЙ РУЛЕВОЙ ТЯГИ ЛЕВИЙ НА ГОЛЬФ 2;Подвеска;1
359;51206096;191 419 812;НАКОНЕЧНИК ПОПЕРЕЧНЫЙ РУЛЕВОЙ ТЯГИ ПРАВЫЙ НА ГОЛЬФ 2;Подвеска;2
360;51203887;2104008;FORMPART 364050 ПАЛЕЦ РЫЧАГА НИЖН. PEUGEOT PARTNER (БЕЗ Г/У) 18MM;Подвеска;
361;51206125;251 501 131A;251501131A ЭЛЕМЕНТЫ ПОДВЕСКИ VW TRANSPORTER III;Подвеска;1
362;51205906;2K0511171B;Втулка в серьгу зад.рессоры 03-;Подвеска;2
363;51206105;357 407 182 DELLO;"FE07856  САЙЛЕHТБЛОK РЫЧАГА VW GOLF 83-; PASSAT 4 /88-";Подвеска;3
364;51206087;357 411 313;O ПОДУШКА СТАБИЛИЗАТОРА (ВНУТ. ЛЕВ.) [D21MM] VW PASSAT 1,6-1,8/1,6D/1,9LIM. 88-;Подвеска;1
365;51206090;3A0 199 402;ПОДУШКА ДВИГ. VW GOLF 3,PASSAT 2,TOLEDO1,VENTO@;Подвеска;1
366;51206132;3A0 501 541;=357501541A САЙЛЕНТБЛОК ЗАДН. БАЛКИ VW PASSAT 88-;Подвеска;4
367;51206120;4707-04-1077P;191411329 ПОДУШКА РЕЗИН. КРЕПЛ. КРОНШТ. СТАБИЛИЗАТОРА К РЫЧАГУ VW GOLF;Подвеска;10
368;51206121;4707-04-1078P;701411041 ВТУЛКА СТАБИЛИЗАТОРА ВНУТР. VW T4 91-;Подвеска;2
369;51206093;4708-12-1080P;"САЙЛЕНТБЛОК (ПЕРЕДН.) РЫЧАГА ПЕРЕДН. GOLF 83-; PASSAT 4 /88- @  PRF ^ DE";Подвеска;8
370;51206124;4708-12-3003P;701407183 САЙЛЕНТБЛОК НИЖН. РЫЧАГА ПЕРЕДН. VW T4 91-96;Подвеска;6
371;51206094;4708-12-3016P;7D0407183 САЙЛЕНТБЛОК НИЖН. РЫЧАГА ПЕРЕДН. VW T4 96-@PRF;Подвеска;2
372;51206100;4908-08-0113P;ЗАЩИТА РУЛ. КОЛОН. Л/П VW T4 90- L=120/D1=25/D2=46;Подвеска;3
373;51206088;5103-01-0001P;"357413175A ЗАЩИТА АМОРТИЗАТОРА ПЕРЕДН. VW GOLF;PASSAT 93-, GOLF IV, BORA, A";Подвеска;2
374;51202421;701 511 413;РЕЗИНА СТАБИЛИЗАТОРА ЗАДН. VW T4 (4 шт.);Подвеска;6
375;51206098;701 513 121;ШАЙБА РЕЗИН. НИЖН. КРЕПЛ. АМОРТИЗАТОРА ЗАДН. TRANSPORTER 91- ,;Подвеска;1
376;51206112;7D0 511 143;ПРОСТАКА ПРУЖИНЫ ЗАДНЕЙ НИЖНЯЯ VW T;Подвеска;2
377;51206160;7D1 711 301;Рычаг ручного тормоза  VW;Подвеска;1
378;51205802;802 455;7E0412331+7H0412249A ВЕРХ. КРЕПЛ. АМОРТИЗАТОРА С ПОДШ. П Л/П VW T5;Подвеска;0,5
379;51206126;893 407 181;L САЙЛЕHТБЛОK РЫЧАГА ПЕРЕДH. AUDI 80 2,3 89-;Подвеска;1
380;51206323;8D0 511 327 D;ВТУЛКА СТАБИЛИЗАТОРА ЗАДНЕГО ;Подвеска;
381;51206123;8D0 512 149;ОПОРА ПРУЖИНЫ ПОДВЕСКИ;Подвеска;4
382;51206184;90009367;ДОРОЖНЯ КАРТА КРОНШТЕЙН СТАБИЛИЗАТОРА ПЕРЕДН. DAEWOO, LANOS, NEXIA, ESPERO;Подвеска;14
383;51206193;90250288/96246673;ДОРОЖНЯ КАРТА ПОДУШКА АМОРТИЗАТОРА ЗАДН. LANOS NEXIA (2нижн+2верх);Подвеска;4
384;51206111;90538496;GENERAL MOTORS ПРОСТАВКА ПРУЖИНЫ ЗАДНЕЙ НИЖНЯЯ;Подвеска;2
385;51206095;94580660;ШАЙБА (ВЕРХ.) ПРУЖИН. (ПЕРЕД.) DAEWOO NEXIA,ESPERO,LANOS,NUBIRA;Подвеска;2
386;51206191;94788122;ДОРОЖНЯ КАРТА ШАРОВАЯ ОПОРА ПЕРЕДН.OPEL KADETT, DAEWOO Espero, Lanos, Nexia/;Подвеска;4
387;51206086;950 280;ПРУЖИНА ПОДВЕСКИ П VW PASSAT 88- (все модели);Подвеска;2
388;51206085;950 673;ПРУЖИНА ПОДВЕСКИ З VW T4 90- (УСИЛЕН.);Подвеска;3
389;51206198;96181254;GENERAL MOTORS КРОНШТ. КОРОБ. ПЕРЕД. DAEWOO NEXIA 95-LANOS 97- (КРОНШТ. КОРОБ. ПЕР.@;Подвеска;1
390;51206190;96226990;RIDER АМОРТИЗАТОР ЗАДН. МАСЛ. DAEWOO Nexia, Lanos, Espero, OPEL;Подвеска;2
391;51206194;96275019;ДОРОЖНЯ КАРТА НАРУЖН. НАКОНЕЧНИК ТЯГИ РУЛЕВ. ПРАВЫЙ DAEWOO;Подвеска;4
392;51206189;96445038;АМОРТИЗАТОР П (МАСЛ) OPEL KADETТ ASTRA, DAEWOO NEXIA LANOS ESPERO;Подвеска;2
393;51206200;96445043;Сайлентблок переднього важеля передній;Подвеска;2
394;51206182;96445372;GENERAL MOTORS РЫЧАГ ПЕРЕД.ПРАВЫЙ,ПОДВЕСКА КОЛЕСА DAEWOO-ARANOS-19950;Подвеска;1
395;51206183;96445373;РЫЧАГ ПЕРЕДНИЙ НИЖНИЙ ЛЕВ. DAEWOO NEXIA/ESPERO 95-/LANOS;Подвеска;1
396;51206033;AGW069MT;АМОРТИЗАТОР (ЗАДН.) ГАЗОВЫЙ VOLKSWAGEN CADDY 04-;Подвеска;1
397;51205985;AU-ES-3839;НАКОНЕЧНИК ТЯГИ РУЛ. AUDI A4, A6   11/04-@;Подвеска;2
398;51206051;AU-ES-7150;02-ES-7150 443419812B НАКОНЕЧНИК ТЯГИ РУЛ. П M16 AUDI 100/V8@BRON;Подвеска;1
399;51202438;BC02191;VW ВТУЛКА ПЕР. СТАБ.БЕЗ КАРКАСА. CADDY III,JETTA III,TOURAN, OCTAVIA 04-;Подвеска;2
400;51205905;BC0238;Втулка амортизатора заднего (нижн);Подвеска;2
401;51205828;BC13371;9013260181 САЙЛЕНТБЛОК ПОДВЕСКИ ОСИ ЗАДН. Л/П, Mercedes Sprinter  95-06@;Подвеска;4
402;51205829;BG-13-09;9013260181 САЙЛЕНТБЛОК ПОДВЕСКИ ОСИ ЗАДН. Л/П, Mercedes Sprinter  95-06@;Подвеска;4
403;51205967;BM-TC-0923;РЫЧАГ П BMW СЕРИЯ E39 - 535i, 540i, M5 ( -2003);Подвеска;1
404;51204314;BMT31351097021;BMT 31351097021 ВТУЛКА СТАБИЛИЗАТОРА D26 BMX X5;Подвеска;2
405;51206102;D225 5700;АМОРТИЗАТОР П VW GOLF 90-;Подвеска;5
406;51206101;DAC45800045;ПОДШИПНИК СТУПИЧНЫЙ ПЕРЕДНИЙ VW TRANSPORTER/MULTIVAN T4 1990-2003;Подвеска;3
407;51205784;DEL TC526;Опора кульова, передня ;Подвеска;2
408;51206104;DG 9597;АМОРТИЗАТОР З VW Transporter 1,9 2,0 2,4 2,5 94;Подвеска;2
409;51205812;EVR325409;ОПОРА ДВИГ. VW GOLF 2/VW PASSAT (3A);Подвеска;1
410;51206022;EVR925134;НАКОНЕЧНИК ТЯГИ РУЛ. Л/П DB Vito/Viano 96-03;Подвеска;
411;51205821;EVR985531;;Подвеска;2
412;51205146;FE01172;1H0501541 САЙЛЕНТБЛОК КРЕПЛЕНИЯ ЗАДНЕЙ БАЛКИ GOLF 91-;Подвеска;8
413;51205121;FE02557;357412135 ЗАЩИТА АМОРТИЗАТОРА ПЕРЕДН. VW GOLF 83-;Подвеска;3
414;51205782;FE06049;3183220250 ГИЛЬЗА ПЕРЕДНЕЙ РЕССОРЫ (П+З) (С ФЛАНЦЕМ) DB 507-711/809 30x42/50X45;Подвеска;4
415;51205589;FE07182;893199419 ПОДУШКА ДВИГ. БАЛКИ ДВИГ. AUDI 80;Подвеска;1
416;51202056;FE07856;"357407182 САЙЛЕНТБЛОК (ПЕРЕДН.) РЫЧАГА ПЕРЕДН. GOLF 83-; PASSAT 4 /88-";Подвеска;2
417;51205778;FE09519;191411314 ПОДУШКА РЕЗИН. КРЕПЛ. СТАБИЛИЗАТОРА К КУЗОВУ VW GOLF A 1,1-1,;Подвеска;6
418;51205070;FE10022;4D0411327G ПОДУШКА СТАБ. ВНУТР. PASSAT4/A4/A8 95- D25;Подвеска;2
419;51205980;FE12642;ЗАЩИТА РУЛЕВ. КОЛОН. BMW E39;Подвеска;
420;51206127;FE14954;ВЕРХ. КРЕПЛ. АМОРТИЗ.ЗАДН. VW GOLF II,GOLF III,POLO,VENTO;Подвеска;1
421;51206129;FE15978;357411313 ПОДУШКА РЕЗИН. СТАБИЛИЗАТОРА (ВНУТР. Л) D21mm VW PASSAT;Подвеска;1
422;51206130;FE15980;357411314 ПОДУШКА РЕЗИН. СТАБИЛИЗАТОРА (ВНУТР. П) D21mm VW PASSAT;Подвеска;1
423;51205974;FE17216;8D0411317D КРОНШТЕЙН СТАБИЛ.  ЛЕВ. VW PASSAT 97- НА ВТУЛКАХ@;Подвеска;1
424;51205809;FE22818;8200242025 ГИЛЬЗА САЙЛЕНТБЛОКА РЫЧАГА RENAULT Megane II 03-@;Подвеска;2
425;51205824;FE31420;"FEBI ПОДУШКА ДВИГАТЕЛЯ НИЖН ЗАДН. OPEL VIVARO 1.9DTI,DI 01-; 2.0 RENAULT TRAFIC ";Подвеска;1
426;51205846;FZ7022;@КРОНШТЕЙН СТАБИЛИЗАТОРА AUDI S3 99-, VW GOLF IV 98-, SEAT TOLEDO 99-;Подвеска;2
427;51206110;HP102 789;191411315B КРОНШТ. СТАБИЛИЗАТОРА В РЫЧАГЕ VW GOLF/VENTO 92-@^;Подвеска;4
428;51200550;HP102 829;191512335 ПОДУШКА КРЕПЛ. ЗАДН. АМОРТИЗАТОРА К КУЗОВУ (@^ ВЕРХНЯЯ !!!!DANSK;Подвеска;1
429;51206091;HP103 487;357412303E ОТБОЙ АМОРТИЗАТОРА;Подвеска;5
430;51205002;HP104 056;701407183 САЙЛЕНТБЛОК НИЖН. РЫЧАГА (ПЕРЕДН.) VW T4@^ DE;Подвеска;4
431;51204991;HP107 301;357411313 ПОДУШКА РЕЗИН. СТАБИЛИЗАТОРА (ВНУТР. Л) D21mm VW PASSAT@^;Подвеска;2
432;51204990;HP107 302;357411314 ПОДУШКА РЕЗИН. СТАБИЛИЗАТОРА (ВНУТР. П) D21mm VW PASSAT@^;Подвеска;2
433;51206117;HP107 362;191512119 КОЛЬЦО ОПОРН. ПОДШ. АМОРТИЗАТОРА ЗАДН. VW GOLF/PASSAT 83-;Подвеска;5
434;51205783;HP107 677-1;САЙЛЕНТБЛОК ЗАДН. РЫЧАГА ПЕРЕДН. 4D0407183P;Подвеска;
435;51202494;HP107 976;7D0199132E ПОДУШКА ДВИГ. ПРАВАЯ П VW T4  (70XB/XC/DB,7DW) 1.9 TD 96-@^;Подвеска;1
436;51202040;HP108 031;1H0512149  КРЕПЛ. ПРУЖИНЫ ЗАДН. VW Golf 1,1-2,8 83-97;Подвеска;8
437;51204985;HP108 120;701411041 ПОДУШКА СТАБИЛИЗАТОРА (22,6mm) ВНУТРЕН. @^  VW  T4;Подвеска;2
438;51204984;HP108 122;7D0411045 ГИЛЬЗА РЕЗИН. КРОНШТ. СТАБИЛИЗАТОРА VW T4 91-@^;Подвеска;2
439;51205786;HP200760;0414510 Защита шарнира задн. OPEL OMEGA. SENATOR;Подвеска;
440;51204906;I50020D;96078088 КРОНШТ. ДВИГ. ПРАВ. DAEWOO NEXIA, ESPERO 95-, LANOS 97-@;Подвеска;1
441;51205800;IMP29057;ВТУЛКА СТАБИЛИЗАТОРА FIAT Doblo 1,9 01-, Palio Weekend 01-;Подвеска;
442;51206089;JBJ245;ПАЛЕЦ ПОДВЕСКИ Л/П VW T4 НИЖН.;Подвеска;1
443;51205799;JBJ729;ПАЛЕЦ ПОДВЕСКИ FIAT Doblo 11/00-, Siena/Palio Weekend 7/97-, Strada Pick;Подвеска;
444;51205785;KYB 915329;Захисний комплект амортизатора;Подвеска;
445;51206128;LMI10176;701407077 САЙЛЕНТБЛОК ВЕРХ. РЫЧАГА (ПЕРЕДН.) VW T4;Подвеска;1
446;51200787;LMI10532;31121136607 САЙЛЕНТБЛОК БАЛАНСИРА BMW 740/750 (E32) 86-;Подвеска;1
447;51206172;LMI10536;31121096685 ШАРОВАЯ ОПОРА (ВНЕШН.) BMW E36 90- (027290323515);Подвеска;1
448;51206118;LMI14341;191411314 ПОДУШКА РЕЗИН. КРЕПЛ. СТАБИЛИЗАТОРА К КУЗОВУ VW GOLF A 1,1-1 D17;Подвеска;11
449;51205781;LMI17681;7D0407183 САЙЛЕНТБЛОК НИЖН. РЫЧАГА ПЕРЕДН. VW T4 96-;Подвеска;1
450;51205852;LMI21699;"1J0411315G КРОНШТЕЙН СТАБ. (МЕТАЛ.) AUDI A3 -06/99;SEAT TOLEDO II (1M2) -06/9@";Подвеска;
451;51205774;LMI22214;6383230285 ВТУЛКА СТАБИЛИЗАТОРА (ВНУТР.) MERCEDES VITO (W638/W639)@BRON;Подвеска;10
452;51206024;LMI26059;3812E0 ТЯГА РУЛЕВ. БЕЗ НАКОН. PEUGEOT 307/СВ;Подвеска;1
453;51205839;LMI28878;8200242025 САЙЛЕНТБЛОК ПЕРЕДН. РЫЧАГА RENAULT MEGANE II;Подвеска;
454;51205690;LMI29917;САЙЛЕНТБЛОК ВНУТР. РЫЧАГА НИЖН. ПОПЕРЕЧН., ОСЬ ЗАДН. AUDI A3 03-, SEA@^;Подвеска;2
455;51204776;LMI31999;ПОДУШКА ЗАДН. БАЛКИ ПОДВЕСКИ НАРУЖН. VW Transporter 1.9, 2.5 TDI 03-;Подвеска;
456;51204775;LMI32000;ПОДУШКА ЗАДН. БАЛКИ ПОДВЕСКИ ВНУТРЕН. VW Transporter 1.9, 2.5 TDI 03-;Подвеска;
457;51205912;LMI33697;"ПАЛЕЦ РЫЧАГА ПЕРЕДН. Л/П DB Sprinter 6/06-; VW Crafter 4/06-";Подвеска;4
458;51206325;lmi37008;зедка задний мост wv B5;Подвеска;
459;51202214;M255.06;ПОДШИП. ВЕРХ. КРЕПЛ. АМОРТИЗАТОРА RENAULT,TRAFIC VIVARO,PRIMASTAR @MOTB;Подвеска;1
460;51205832;MD-AX-2348;ТЯГА РУЛЕВ. БОКОВ. (БЕЗ НАКОН.) Л/П MAZDA 626 08/97-03/00;Подвеска;1
461;51206317;MG722094;MG ПОДШИПНИК АМОРТИЗАТОРА PEUGEOT CITROEN;Подвеска;
462;51206103;MON S4414;MONROE АМОРТИЗАТОР SEAT VW P (ШТ..);Подвеска;1
463;51206242;N5802012;ПЫЛЕЗАХЫСНИЙ КОМПЛЕКТ АМОРТИЗАТОРА;Подвеска;1
464;51206324;pc132437;8D0407505B БАЛАНСИР ВЕРХН. ЛЕВ. ПЕРЕД. AUDI A4 95-;Подвеска;
465;51206310;PR 2302-0032;32211130004 НАКОНЕЧНИК ТЯГИ РУЛЕВ. ВНУТР. BMW СЕРИЯ 5 (E28) -89@;Подвеска;1
466;51205888;PR2303-0227;ТЯГА РУЛЬОВА Profit;Подвеска;1
467;51205822;RE-AX-1060;ТЯГА РУЛЕВ. БОКОВ. (БЕЗ НАКОН.) RENAULT Laguna II 01-,;Подвеска;2
468;51205837;SAS4001717;8200042454 КРЕПЛ. ДВИГ. RENAULT Megane II 1.9 DCi/2.0 16V;Подвеска;1
469;51201856;SAS4005507;8200039132 САЙЛЕНТБЛОК ЗАДН. БАЛКИ RENAULT Trafic II, VIVARO @;Подвеска;2
470;51206053;SAS4005529;7700416271 ПОДУШКА ЗАДН. БАЛКИ Л RENAULT Laguna II;Подвеска;1
471;51201656;SAS4006147;НАКОНЕЧНИК ТЯГИ РУЛЕВ. Л. RENAULT Espace, Laguna II 01-, Trafic 05/01-;Подвеска;1
472;51206109;STA1817 DS;STABILUS АМОРТИЗАТОР РУЛЕВОГО УПРАВЛЕНИЯ VW T4;Подвеска;2
473;51205968;SW20921182;ВАЖІЛЬ ПІДВІСКИ НИЖНІЙ ЛІВИЙ;Подвеска;1
474;51205788;TA-1685;AMC FILTER ФИЛЬТР ВОЗД. TOYOTA LANDCRUISER 120;Подвеска;1
475;51201265;TD433W;46551376 САЙЛЕНТБЛОК  ЗАДН. РЫЧАГА ПЕРЕДН. ПРАВЫЙ FIAT DOBLO 2001->@;Подвеска;
476;51201266;TD434W;46551377 САЙЛЕНТБЛОК ЗАДН. РЫЧАГ  ПЕРЕДН. ЛЕВЫЙ FIAT DOBLO 2001->@;Подвеска;
477;51205797;VO-BJ-3917;02-BJ-3917 855407365A ПАЛЕЦ РЫЧАГА 17mm Л PASSAT/AUDI 80 -87 (С Г/У);Подвеска;1
478;51300622;0,023244;"ЗАЩИТА ШАРНИРА ВНУТР. Л. (К-Т) OPEL Vivaro 1.9DI/DTI 01-, 2.5DTI 03-;  L=92/D1="; Привод (ШРУСы и пр.);1
479;51300354;0,026094;ЗАЩИТА ШАРНИРА ВНЕШН. (К-Т) AUDI 80 91-96, 90 88-91, 100 90-94, A4 2.5TD/2.6/2; Привод (ШРУСы и пр.);2
480;51300717;0311-RELHR;ШРУС ВНУТР. HONDA CR-V; Привод (ШРУСы и пр.);1
481;51300730;113598101;ДОРОЖНЯ КАРТА ШРУС ВНУТР. (К-Т) VW GOLF II,III.PASSAT 88-96, AUDI 80 81-91; Привод (ШРУСы и пр.);4
482;51300726;1H1 419 523;ПЫЛЬНИК РУЛЕВОЙ КОЛОНКИ VW Golf; Привод (ШРУСы и пр.);1
483;51300601;4302-12-0232P;ЗАЩИТА ШАРНИРА ВНУТР. (К-Т) VW TRANSPORTER T4 N; Привод (ШРУСы и пр.);4
484;51300722;4302-12-0263P;"ЗАЩИТА ШАРНИРА ВНЕШН. (К-Т) VW GOLF GTi;AUDI Quattro 80/90/200 N; L=79/D1=22/D2="; Привод (ШРУСы и пр.);1
485;51300723;4302-12-0266P;ЗАЩИТА ШАРНИРА ВНЕШН. (К-Т) VW T4 N; Привод (ШРУСы и пр.);2
486;51300725;4302-13-4213P;ШАРНИР ВНУТР. (К-Т) VW T4 91-94 (33-шлиц.108mm)@^ 26-1019 MG; Привод (ШРУСы и пр.);1
487;51300720;4302-13-4511P;"ШАРНИР ВНУТР. (К-Т) VW GOLF 1,6/1,8 -91;PASSAT  -88"; Привод (ШРУСы и пр.);3
488;51300686;601 330 0535;Наконечник рул. тяги правый MEYLE; Привод (ШРУСы и пр.);1
489;51300728;96391550;GENERAL MOTORS ШРУС НАРУЖНЫЙ CHEVROLET KALOS/AVEO 1.4 OHC/ 1.4 DOHC (c ABS); Привод (ШРУСы и пр.);2
490;51300721;E153150698002;ШАРНИР КОМПЛЕКТ; Привод (ШРУСы и пр.);1
491;51300719;FE08018;701498201 ЗАЩИТА ШРУСА ВНУТР. (К-Т) VW T4; Привод (ШРУСы и пр.);3
492;51300718;HA417411;ЗАЩИТА ШРУСА ВНЕШ. (К-Т) VW T4; Привод (ШРУСы и пр.);1
493;51300711;I6F028PC;PULNIK ; Привод (ШРУСы и пр.);1
494;51300724;LO302305;ШРУС VW; Привод (ШРУСы и пр.);1
495;51300710;LO305383;PULNIK ; Привод (ШРУСы и пр.);1
496;51300689;U543;"CHAMPION ФИЛЬТР ВОЗД. CITROEN AX 1.4D, BX 1.6 87->, 1.9D ALL MODELS; POLONEZ 1.9D'"; Привод (ШРУСы и пр.);1
497;51300690;U554;CHAMPION ФІЛЬТР ПОВІТРЯНИЙ OPEL CALIBRA 2.0I , VECTRA 1.6I, 1.7D, 1.8I, 2.0I ->10/95 SAAB 90; Привод (ШРУСы и пр.);1
498;51300691;U733;CHAMPION ФІЛЬТР ПОВІТРЯНИЙ VOLKSWAGEN TRANSPORTER 2.5TDI (T4) 7/95->; Привод (ШРУСы и пр.);1
499;51300692;U739;CHAMPION ФІЛЬТР ПОВІТРЯНИЙ RENAULT CLIO II 1.5DCI, MEGANE 1.5DCI 9/00->; Привод (ШРУСы и пр.);1
500;51300737;VKJC6994;SKF ПОЛУОСЬ; Привод (ШРУСы и пр.);
501;51400434;02A 311 523B;ПОДШИП. КОРОБ VW 15X21/35X18;Подшипники;1
502;51400448;214 652 0012;CORAM  СТУПИЦА КОЛЕСА, 4 -ОТВ. ПЕРЕД.   1/ДИАМ. 2 [mm]: 37.0 mm ВЫС. [mm]: 77.0;Подшипники;
503;51400436;30305A;@ПОДШ. КОЛЕСА (ЛЕВ. ПЕРЕД.) FIAT IVECO DAILY 30-8 79.06-97.01, DAILY 35-8, DAILY;Подшипники;3
504;51400435;4703-03-5432P;ПОДШИП. КОЛЕСА (К-Т)+БОЛТ!!! ПЕРЕДН. VW T4 91-, @  DANSK 701498625;Подшипники;1
505;51400441;96176252;ДОРОЖНЯ КАРТА СТУПИЦА КОЛЕСА ПЕРЕДН. DAEWOO LANOS, NEXIA R13;Подшипники;2
506;51400036;CX059;COMPLEX  ПОДШИП. (К-Т) П TRANSPORTER ,BUS (T4) 90-;Подшипники;1
507;51400423;H1R022BTA;К-Т ПОДШ. КОЛЕСА (ПЕРЕД.) Renault Espace,Vel Satis 02-;Подшипники;1
508;51400442;H20060JC;ПОДШИП. КОЛЕСА (ЗАДН.) DAEWOO MATIZ 0.8I 98-;Подшипники;1
509;51400438;OPT960638A;ПОДШИП. NISSAN BLUEBIRD 07.89-90 MAXIMA 07.94-99 PRAIRE PRO 10.88-94 PRIMERA 06.;Подшипники;1
510;51400424;VO-WB-11047;ПОДШИП. (К-Т) З AUDI 80/100 7/92- (ТОРМ. ДИСК.)@ AMULET AVIK R157.12 SNR !!!;Подшипники;2
511;51501442;4,018;TRANSPORTERPARTS КОЛОДКИ ТОРМОЗ.ПЕРЕД.RENAULT;Тормоза;1
512;51501358;04466-48060 JP;КОЛОДКИ (ЗАДН.) ТОРМ.;Тормоза;1
513;51500985;21479 00 703 00;"BRECK 21479  КОЛОД. ТОРМ. К-Т П VW Caravelle / Transporter 91- ( ДИСК 15""";Тормоза;1
514;51501428;3302-3501090;КОЛОДКИ ТОРМ.ПЕРЕДН.DAEWOO LANOS/ MAT;Тормоза;1
515;51501455;5000-1112;WVA23124 ТОРМОЗНЫЕ КОЛОДКИ ПЕРЕДНИЕ BERLINGO 98- (GIRLING);Тормоза;1
516;51501375;5201-01-0371P;701615301G ДИСК ТОРМ. П VW T4 1,9D/2,0 6/96-;Тормоза;4
517;51501376;5201-01-0574P;701615301A ДИСК ТОРМ. (ВЕНТ.) П VW T4 2,5/2,4D -96@;Тормоза;6
518;51501381;7.555.0;КОЛОДКИ ТОРМ. ПЕРЕД. VW T4,1.9D,2.0,2.4D  (ДИСК 14)  91-95;Тормоза;1
519;51501431;96193771;GENERAL MOTORS БАРАБАН ТОРМ. ЗАДН. DAEWOO ESPERO,NEXIA,LANOS,NUBIRA I,II (СО СТУП. );Тормоза;2
520;51501410;96281937;ДОРОЖНЯ КАРТА КОЛОДКИ ТОРМ. ПЕРЕД. DAEWOO NEXIA 95-,LANOS 1.6 DOHC 97-,NUBIRA I,II;Тормоза;2
521;51501426;96316582;ДОРОЖНЯ КАРТА КОЛОДКИ ТОРМ. ПЕРЕД. DAEWOO LANOS 1.5 OHC 97- ,MATIZ 97-;Тормоза;1
522;51500397;96534653;КОЛОД. ТОРМ. ПЕРЕД. DAEWOO/CHEVROLET Kalos, Aveo 02-;Тормоза;2
523;51501301;C1W031ABE;КОЛОДКИ (ПЕРЕД.) ТОРМ. VW T4, CARAVELLE 1.8, 1.9D/TD/TDI, 2.0, 2.4D @ БЕЗ ДАТЧ.;Тормоза;
524;51501311;C1W037ABE;"КОЛОДКИ ТОРМ. П VW T4 96- (ДИСК 15"") - ATE СИСТ.@ БЕЗ ДАТЧИКА";Тормоза;1
525;51501305;C2W011ABE;21882 КОЛОДКИ ТОРМ. З VW T4 01/96- ,SHARAN 01-  БЕЗ  ДАТЧ.;Тормоза;1
526;51500925;C3R005ABE;ДИСК ТОРМ. (ПЕРЕД.) 259x20 RENAULT CLIO II, KANGOO 1.2I 16V 1.9D/DTI 98-@;Тормоза;2
527;51501407;DB1092;RIDER КОЛОДКИ ТОРМ. ПЕРЕД. VOLKSWAGEN T4/CARAVELLE 2.4D, 2.5 99.05-03.03;Тормоза;1
528;51501394;DB1163;RIDER КОЛОДКИ ТОРМ. ЗАДН. AUDI 80 1.6I, 2.0I 16V, 2.3I, 2.6I V6 92.08-94.12, 80 QU;Тормоза;1
529;51501424;DB1282;RIDER КОЛОДКИ ТОРМ. П VW MULTIVAN,TRANSPORTER 95-;Тормоза;1
530;51501420;DB1289;"RIDER КОЛОДКИ ТОРМ. З PEUGEOT 406 14,15"" / DB VITO 11/95-";Тормоза;1
531;51501395;DB1323;RIDER КОЛОДКИ ТОРМ. ПЕРЕД. VW PASSAT 2.0 16V 94.01-96.08, AUDI A4 1.8IT,;Тормоза;1
532;51501423;DB1325;RIDER КОЛОДКИ ТОРМ. З VW T4 06.00-@;Тормоза;1
533;51501402;DB1330;RIDER КОЛОД. ТОРМ. ЗАДН К-Т Audi (A3,TT) VW (PASSAT / BORA,GOLF IV,LUPO,NEW BEETLE,) SKODA OCTAVIA/ FABIA;Тормоза;1
534;51501406;DB1369;RIDER КОЛОДКИ ТОРМ. ЗАДН. VW T4 01/96- ,SHARAN 01-  БЕЗ  ДАТЧ.;Тормоза;1
535;51501415;DB1383;RIDER КОЛОДКИ ТОРМ. ПЕРЕДНЫ FIAT Doblo/Doblo  1/2003-;Тормоза;1
536;51501396;DB1399;RIDER КОЛОДКИ ТОРМ. ЗАДН. VW LT 35 99-, MERCEDES SPRINTER 208D-216CDI 96.0;Тормоза;1
537;51501416;DB1461;RIDER КОЛОДКИ ТОРМ. П Ford Transit 260 2.0 TD (BOSCH) ПРИВ. НА ПЕРЕД.@;Тормоза;1
538;51501421;DB1479;RIDER КОЛОДКИ ТОРМ. З OPEL Vivaro (ТИП X83) 1.9 DI (LUC);Тормоза;1
539;51501404;DB1550;RIDER КОЛОДКИ {ПЕРЕД.} ТОРМ. SKODA OCTAVIA05- / AUDI A3 03-  VW Golf V 03- Passat 05- Touran 03-@PRF;Тормоза;1
540;51501409;DB1555;RIDER КОЛОДКИ ТОРМ. ПЕРЕД. VOLKSWAGEN TRANSPORTER T5 1.9TDI, 2.0, 2.5TDI, 3.2 V6;Тормоза;1
541;51501408;DB1557;RIDER КОЛОДКИ ТОРМ. ЗАДН. VOLKSWAGEN TRANSPORTER T5 04.03-;Тормоза;1
542;51501418;DB1600;RIDER КОЛОДКИ ТОРМ. К-Т ПЕРЕДНИ VITO 03-;Тормоза;1
543;51501417;DB1601;RIDER КОЛОД. ТОРМ. К-Т ЗАДН. MB Viano 2.2/3.7 VITO 2.2/3.2 03-;Тормоза;1
544;51501422;DB1622;RIDER КОЛОДКИ ТОРМ. З VW PASSAT 3C2 1.9TDI / 1.6FSI/2.0FSI/3.2FSI 03-@;Тормоза;1
545;51501398;DB1785;"RIDER Колодки гальмівні дискові передні, комплект RENAULT KANGO 08-
";Тормоза;1
546;51501401;DB1984;RIDER КОЛОДКИ ТОРМ. ПЕРЕД. AUDI A3 1.6I 16V, 1.8I 20V, 1.9TDI 96-, SKODA OCTAVIA/ FABIA/ VW GOLF 98-;Тормоза;1
547;51501374;DB4189;БАРАБАН ТОРМ. VW MULTIVAN,TRANSPORTER 90-96;Тормоза;2
548;51501405;DB823;RIDER КОЛОД. ТОРМ. ЗАДН К-Т VW (PASSAT / BORA,GOLF IV,LUPO,NEW BEETLE,) GOLF II, III/ PEUGEOT 405;Тормоза;1
549;51501379;DF2810;ДИСК ТОРМ. ПЕРЕД. VOLKSWAGEN  T4 1,9D/2,0 6/96-;Тормоза;2
550;51501360;FDB1073;PREMIUM КОЛОДКИ ТОРМ. П BMW СЕРИЯ 5 (E39) -10/96@;Тормоза;1
551;51501293;GDB1080;КОЛОДКИ ТОРМОЗНЫЕ ПЕРЕДНИЕ TRANSIT T15  91-00  93VX 2K021 BA;Тормоза;
552;51501380;GDB1325;701698451 КОЛОДКИ ТОРМ. З VW T4/Caravelle 08.95-04.98, Opel Vivaro 09.00@;Тормоза;2
553;51501357;gdb1399;КОЛОДКИ ТОРМ. З DB SPRINTER 95- LT;Тормоза;1
554;51501294;GDB1499;КОЛОДКИ ТОРМОЗНЫЕ;Тормоза;
555;51501299;LPR05P215;"20668/16,5  КОЛОДКИ ТОРМ. З AUDI 80/90/100 82-; FIAT CROMA;ALFA 1@MOTB";Тормоза;1
556;51501288;LPR05P437;КОЛОДКИ ТОРМ. П VW T4 90-95 ДИСКИ 15@MOTB;Тормоза;
557;51501308;LPR05P439;20124/19  КОЛОДКИ ТОРМ. П VW T4 90-95 ДИСКИ 14@MOTB;Тормоза;1
558;51501456;LPR05P612;КОЛОДКИ ТОРМ. П SEAT ALHAMBRA 95- (ATE);Тормоза;
559;51500898;LPR05P868;20961 17mm КОЛОДКИ ТОРМ. ЗАДН. PEUGEOT 307 ()@MOTB;Тормоза;
560;51501411;N112;XZTC КОЛОДКИ ТОРМ. ПЕРЕД. DAEWOO LANOS 1.5 OHC 97- ,MATIZ 97-;Тормоза;2
561;51501412;N113;XZTC КОЛОДКИ ТОРМ. ПЕРЕД. DAEWOO NEXIA 95-,LANOS 1.6 DOHC 97-,NUBIRA I,II;Тормоза;2
562;51501425;N130;XZTC КОЛОДКИ ТОРМ. ПЕРЕД. DAEWOO KALOS, AVEO  1.2I, 1.4I OHC,1.4 DOHC 02-;Тормоза;1
563;51501413;N413;XZTC КОЛОДКИ ТОРМ. DAEWOO LANOS NEXIA ESPERO OPEL;Тормоза;2
564;51501361;NK252220;БАРАБАН ТОРМ. (1 ШТ.);Тормоза;1
565;51501272;QB1347X;К-Т УСТАН. КОЛОДОК ТОРМ. ПЕРЕД. RENAULT TRAFIC 01.04-, MERCEDE;Тормоза;1
566;51501427;RL666181;FOMAR 23237 КОЛОДКИ ТОРМ. П Daewoo Nubira, Leganza;Тормоза;1
567;51600598;03.2123-1526.3;ATE ГЛАВ.ТОРМ. ЦИЛ VW CARAVELLE, MULTIVAN, TRANSPORTER (T4) 2.0, 2.5, 2.5TD;Гидравлика и пневматика;1
568;51600606;426570;ЦИЛ. ТОРМ.ГЛАВН. DAEWOO Lanos 1997-2005;Гидравлика и пневматика;3
569;51600602;701 419 061D;РУЛЕВОЙ МЕХАНИЗМ VW TRANSPORTER T4 АВТОБУС (70XB, 70XC, 7DB, 7DW) 2.4 D SYNCRO;Гидравлика и пневматика;1
570;51600599;721 611 047;"""04-0609 ЦИЛИHДРИK ТОРМ.ЗАД  VW T4 D20,64";Гидравлика и пневматика;1
571;51600590;C80014ABE;ШЛАНГ ТОРМ. ЭЛАСТ. РАСЦЕПИТЕЛЯ SKODA РАСЦЕПИТЕЛЬ;Гидравлика и пневматика;2
572;51600600;EVR915439;ТЯГА РУЛЕВАЯ НА ГОЛЬФ 2 ДЖЕТТА2;Гидравлика и пневматика;1
573;51600601;LPR1831;0558074 ГЛАВ. ТОРМ. ЦИЛ. OPEL KADETТ E,ASTRA 84-91;Гидравлика и пневматика;3
574;51600611;lpr6T46784;ШЛАНГ ТОРМ. ЭЛАСТ. ЗАДН. AUDI A6 97-;Гидравлика и пневматика;
575;51600349;QB1306X;=1302X QB К-Т БОЛТОВ НАПРАВЛ. ЗАЖИМА ТОРМ. FORD FIESTA,ESCORT, SCORPIO.@ E210;Гидравлика и пневматика;2
576;51600411;QB1313X;К-Т РЕМ. НАПРАВЛ. ЗАЖИМА ТОРМ. VW Golf 08/83-12.94;Гидравлика и пневматика;2
577;51700052;020 409 289 B;ЗАГЛУШКА ФЛАНЦА КПП;Оперение;5
578;51700061;1H0 831 409A;ПЛИТА КРЕП. КРОНШТ. ПЕТЛИ ДВЕРИ ЛЕВ., НИЖН. GOLF 92-98,PASSAT 94-97  VW;Оперение;1
579;51700060;1H0 831 410B;ПЛИТА КРЕП. КРОНШТ. ПЕТЛИ ДВЕРИ ПРАВ., НИЖН. GOLF 92-98,PASSAT 94-97  VW;Оперение;1
580;51700054;1H0 868 316 ;Ручка настройки правая VW Golf III;Оперение;3
581;51700055;1H6 805 826;Воздуховод отопителя переднего, правый;Оперение;1
582;51700057;441-1609L;ЗАГЛУШКА В БАМПЕР ДЛИН. Л VW GOLF/VENTO 91-97;Оперение;1
583;51700058;441-1609R;ЗАГЛУШКА В БАМПЕР ДЛИН. П VW GOLF/VENTO 91-97;Оперение;2
584;51700059;441-1610R;ЗАГЛУШКА В БАМПЕР КОРОТ. П VW GOLF/VENTO 91-;Оперение;2
585;51700062;96303220;GM КРОНШТ. (БОК.,ЛЕВ.) БАМПЕРА (ПЕРЕД.) DAEWOO LANOS 97-;Оперение;1
586;51700063;96303221;GM КРОНШТ. (БОК.,ПРАВ.) БАМПЕРА (ПЕРЕД.) DAEWOO LANOS 97-;Оперение;1
587;51700051;ROM 12620;ROMIX (УПАКОВ. 10 ШТ.) ЗАПОНКА ПЛАНКИ ОСНАЩ. ШИР.-ВЫС. VW Golf III;Оперение;10
588;51700053;U24035P;ТЕРМОСТАТ 1,9 TDI;Оперение;1
589;51800029;003-931;1164920182 СЕРЬГА РЕЗИН. DB W116/123    КРУГЛ.;Глушитель;5
590;51800137;100-904;ПРОКЛАДКА ВЫХЛОП. ТРУБЫ BMW 2.0/2.3/2.5/2.7/2.8 (M20/M30) (2)@;Глушитель;2
591;51800133;100-911;FISCHER Прокладка, труба вихлопного газу BMW ;Глушитель;2
592;51800145;100-913;Прокладка, труба вихлопного газу BMW;Глушитель;1
593;51800134;102-946;FISHER Кольцо печеное BMW;Глушитель;2
594;51800146;102-958;FISHER Кольцо печеное BMW;Глушитель;2
595;51800167;103-901;FISCHER БУФЕР ГЛУШИТЕЛЯ BMW;Глушитель;2
596;51800168;103-906;FISCHER БУФЕР ГЛУШИТЕЛЯ BMW;Глушитель;1
597;51800169;103-908;BO255-070 РЕЗИНКА ГЛУШ.BMW;Глушитель;1
598;51800171;104-915;BO254-335 BMW;Глушитель;1
599;51800156;110-901;FISCHER Прокладка, труба вихлопного газу AUDI;Глушитель;1
600;51800157;110-910;FISCHER ПРОКЛАДКА ТРУБЫ AUDI,VW ;Глушитель;2
601;51800158;110-917;FISCHER Прокладка приемной трубы глушителя;Глушитель;1
602;51800160;110-921;FISCHER Прокладка глушника;Глушитель;3
603;51800161;110-923;FISCHER Прокладка, труба вихлопного газу;Глушитель;1
604;51800142;110-932;ПРОКЛАДКА ТРУБЫ ВЫП. VW PASSAT 1.8I 93-@;Глушитель;3
605;51800162;110-934;FISCHER Прокладка, труба вихлопного газу;Глушитель;1
606;51800187;110-936;Прокладка глушника;Глушитель;1
607;51800163;110-939;FISCHER Прокладка, труба вихлопного газу;Глушитель;2
608;51800147;110-943;VAG Прокладка, труба вихлопного газу;Глушитель;2
609;51800188;111-973;FISCHER Прокладка системи випуску;Глушитель;1
610;51800189;112-945;FISCHER Прокладка вихлопної системи;Глушитель;1
611;51800190;112-946;FISCHER Прокладка вихлопної системи;Глушитель;1
612;51800191;112-951;FISCHER Прокладка вихлопної системи;Глушитель;1
613;51800192;112-956;FISCHER Прокладка вихлопної системи;Глушитель;1
614;51800212;112-957;ПРОКЛАДКИ ВЫХЛОПН. СИСТЕМЫ PEUG;Глушитель;1
615;51800193;112-958;FISCHER Прокладка вихлопної системи;Глушитель;2
616;51800194;113-901;FISCHER Прокладка вихлопної системи;Глушитель;3
617;51800015;113-902;6014920082 СЕРЬГА ГЛУШИТЕЛЯ DB 207-310;Глушитель;3
618;51800165;113-906;FISCHER БУФЕР ГЛУШИТЕЛЯ;Глушитель;4
619;51800131;113-911;1H0253144C СЕРЬГА ГЛУШИТЕЛЯ КОНЦЕВ. VW Golf/Vento 91- (3 ШТ. НА ГЛУШИТЕЛЬ)@^;Глушитель;1
620;51800195;113-916;FISCHER БУФЕР ГЛУШИТЕЛЯ;Глушитель;3
621;51800196;113-919;BO255-025 ОТ. ГЛУШ.VW/AUDI T4;Глушитель;1
622;51800166;113-920;FISCHER БУФЕР ГЛУШИТЕЛЯ;Глушитель;1
623;51800148;113-923;VAG РЕЗИНОВО-МЕТАЛЛИЧЕСКАЯ ПОДВЕСКА AUDI ;Глушитель;1
624;51800197;113-930;FISCHER БУФЕР ГЛУШИТЕЛЯ;Глушитель;1
625;51800198;115-904;FISCHER КРОНШТЕЙН ГЛУШИТЕЛЯ SEAT/VW;Глушитель;2
626;51800199;120-903;Прокладка, труба вихлопного газу;Глушитель;1
627;51800200;120-905;Прокладка, труба вихлопного газу;Глушитель;2
628;51800201;120-908;Прокладка, труба вихлопного газу;Глушитель;2
629;51800202;120-916;Прокладка, труба вихлопного газу;Глушитель;3
630;51800203;121-945;Прокладка вихлопної системи;Глушитель;1
631;51800210;121-947;FISCHER Прокладка трубы выхлопной ;Глушитель;2
632;51800204;121-951;Прокладка вихлопної системи;Глушитель;1
633;51800205;123-904;BO255-729 РЕЗИНКА ГЛУШ.OPEL;Глушитель;2
634;51800143;123-914;ПОДВЕСКА ГЛУШИТ. РЕЗИНОВАЯ OPEL OMEGA;Глушитель;2
635;51800135;123-921;FISCHER РЕЗИНОВАЯ ЧАСТЬ OPEL;Глушитель;2
636;51800206;123-922;FISCHER БУФЕР ГЛУШИТЕЛЯ;Глушитель;2
637;51800019;123-925;СЕРЬГА РЕЗИН. OPEL OMEGA B/VECTRA B;Глушитель;2
638;51800149;123-928;FISCHER РЕЗИНОВАЯ ЧАСТЬ OPEL;Глушитель;2
639;51800176;133-904;FISCHER БУФЕР ГЛУШИТЕЛЯ LAND ROVER;Глушитель;2
640;51800150;142-951;КОЛЬЦО ГЛУШИТЕЛЯ  51x64x19 mm MERC;Глушитель;1
641;51800013;143-903;1244920044 СЕРЬГА ГЛУШИТЕЛЯ MERCEDES (E-КЛАСС,S-КЛАСС,SLK);Глушитель;4
642;51800179;143-904;FISCHER БУФЕР ГЛУШИТЕЛЯ MERCEDES (E-КЛАСС,S-КЛАСС,SLK);Глушитель;2
643;51800181;143-906;FISCHER БУФЕР ГЛУШИТЕЛЯ MERCEDES;Глушитель;3
644;51800180;143-922;FISCHER БУФЕР ГЛУШИТЕЛЯ MERCEDES;Глушитель;1
645;51800151;143-926;FISCHER РЕЗИНОВАЯ ПОДВЕСКА MERCEDES;Глушитель;2
646;51800183;220-907;FISCHER Прокладка вихлопної системи OPEL/RENAULT ;Глушитель;1
647;51800152;220-920;FISCHER Прокладка выхлопного газа RENAULT;Глушитель;2
648;51800184;223-915;FISCHER БУФЕР ГЛУШИТЕЛЯ RENAULT ;Глушитель;3
649;51800185;223-919;FISCHER БУФЕР ГЛУШИТЕЛЯ NISSAN/OPE/RENAULT ;Глушитель;2
650;51800207;231-946;FISCHER Прокладка вихлопної системи;Глушитель;1
651;51800208;231-966;FISCHER Прокладка вихлопної системи;Глушитель;1
652;51800211;233-917;FISCHER БУФЕР ГЛУШИТЕЛЯ;Глушитель;1
653;51800186;450-909;FISCHER Прокладка, труба вихлопного газу;Глушитель;2
654;51800209;590-902;FISCHER Прокладка трубы выхлопной передней;Глушитель;2
655;51800218;6X0 253 147 B;Крепление глушителя демпфирующее резина;Глушитель;2
656;51800182;740-908;FISCHER Прокладка вихлопної системи ;Глушитель;2
657;51800153;740-909;FISCHER Прокладка вихлопної системи MITSUBISHI;Глушитель;2
658;51800154;743-911;FISCHER РЕЗИНОВАЯ ПОДВЕСКА MITSUBISHI;Глушитель;1
659;51800155;773-909;FISCHER РЕЗИНОВАЯ ПОДВЕСКА TOYOTA;Глушитель;2
660;51800177;793-906;FISCHER БУФЕР ГЛУШИТЕЛЯ HONDA;Глушитель;4
661;51800220;81398;FONOS СЕРЬГА РЕЗИН. VW GOLF,PASSAT;Глушитель;4
662;51800172;870-902;FISCHER Прокладка вихлопної системи;Глушитель;2
663;51800173;870-903;FISCHER Прокладка випускного колектора;Глушитель;2
664;51800175;873-903;FISCHER БУФЕР ГЛУШИТЕЛЯ;Глушитель;3
665;51800178;890-901;FISCHER Прокладка, труба вихлопного газу HYUNDAI / KIA;Глушитель;2
666;51800215;BOS265-317;КРОНШТЕЙН ЭЛАСТ. D51 ДЛ.=150;Глушитель;1
667;51800136;FA110-906;ПРОКЛАДКА ВЫПУСКН. ТРУБЫ AUDI,VW DERBY GOLF,POLO;Глушитель;1
668;51800138;FPL00-906;ПРОКЛАДКИ ВЫХЛОПН. СИСТЕМЫ BMW;Глушитель;2
669;51800139;FPL00-909;ПРОКЛАДКИ ВЫХЛОПН. СИСТЕМЫ BMW;Глушитель;1
670;51800140;FPL01-942;ПРОКЛАДКИ ВЫХЛОПН. СИСТЕМЫ BMW;Глушитель;1
671;51800141;FPL02-947;ПРОКЛАДКИ ВЫХЛОПН. СИСТЕМЫ BMW;Глушитель;2
672;51800174;FPL70-904;ПРОКЛАДКИ ВЫХЛОПН. СИСТЕМЫ DAEWOO;Глушитель;2
673;51900140;1H0 949 117A;ПОВОРОТНИК БОКОВ. Л/П VW GOLF 91-95 (ОРАНЖЕВЫЙ);Освещение;2
674;51900129;281 945 729;ФОНАРЬ ПРОТИВОТУМАНЫЙ ЗАДНИЙ;Освещение;1
675;51900071;440-1119L-LD-E;ФАРА Л (РУЧН.) MERCEDES VITO 96-@;Освещение;1
676;51900070;440-1119R-LD-E;ФАРА П (РУЧН.) MERCEDES VITO 96-@;Освещение;1
677;51900132;441-1302L-UQ;ГАБАРИТ ЗАДН. ВНУТР. Л VW VENTO 92- (ЖЕЛТО-КРАСН.)@;Освещение;1
678;51900131;441-1302R-UQ;ГАБАРИТ ЗАДН. ВНУТР. П VW VENTO 92- (ЖЕЛТО-КРАСН.)@;Освещение;1
679;51900137;441-1507L-UE;ПОВОРОТНИК Л VW PASSAT 88-93 (ЖЕЛТ.)@;Освещение;1
680;51900133;441-1510R-UE;ПОВОРОТНИК П VW T4 90-97 (ЖЕЛТ.)@;Освещение;2
681;51900138;441-1606L;ПОВОРОТНИК Л VW GOLF/VENTO 92- (ЖЕЛ.)@;Освещение;4
682;51900139;441-1606R;ПОВОРОТНИК П VW GOLF/VENTO 92- (ЖЕЛ.)@;Освещение;1
683;51900141;441-1917R;ГАБАРИТ ЗАДН. ВНЕШН П VW VENTO 92- (ЖЕЛТО-КРАСНЫЙ)@;Освещение;1
684;51900130;441-1919L-UE;ГАБАРИТ ЗАДН. Л VW T4 (ЖЁЛТО-КРАСН.)@;Освещение;1
685;51900134;442-2006L-UE;ГАЛОГЕН Л OPEL ASTRA 98-04 H3;Освещение;1
686;51900135;956619-1;@ПОВОРОТНИК ЛЕВ VW T4 91-03 (БЕЛ.);Освещение;1
687;51900150;NARVA17649;NARVA  АВТОЛАМПА 24-21W;Освещение;8
688;51900053;OSR2825;OSRAM ЛАМПОЧКА 12V W5W ORIGINAL 5W - W2.1x9.5d;Освещение;9
689;51900147;OSR2845 K10SZT;1 к-т=10 шт. OSRAM ЛАМПОЧКА 24V 5W W2,1x9,5d W5W (ЦЕЛЬНОСТЕКЛ.) КАРТОН. 10 ШТ.;Освещение;10
690;51900054;OSR5007;OSRAM ЛАМПОЧКА 12V 5W R5W ORIGINAL 5W BA15s;Освещение;15
691;51900154;OSR6411 K10SZT;1 к-т=10 шт. OSRAM ЛАМПОЧКА 12V 10W SV8,5 11x41mm (ТРУБЧ.) КАРТОН. 10 ШТ.;Освещение;1
692;51900102;OSR64113  K10SZT;1 к-т=10 шт. OSRAM ЛАМПОЧКА H10W 12V 10W BA9S (ЦОК.) Minihalogen КАРТОН. 10 ШТ.;Освещение;4
693;51900043;OSR64150-;OSRAM ЛАМПОЧКА H1 12V 55W P14,5S STANDARD;Освещение;4
694;51900044;OSR64150NBU-HCB;OSRAM ЛАМПОЧКА 1 ШТ. H1 12V 55W P14.5s ULTRA LIFE -3 ГОДА ГАРАНТИИ;Освещение;1
695;51900046;OSR64151 NBP;OSRAM ЛАМПОЧКА H3 12V 55W PK22S STANDARD@ AVIK;Освещение;2
696;51900045;OSR64151-;OSRAM ЛАМПОЧКА H3 12V 55W PK22S STANDARD@ AVIK;Освещение;4
697;51900077;OSR64155 LTS;OSRAM ЛАМПОЧКА H1 24V 70W P14,5S  Longlife Truckstar;Освещение;3
698;51900076;OSR64156 LTS;OSRAM ЛАМПОЧКА H3 24V 70W PK22S Longlife Truckstar;Освещение;4
699;51900047;OSR64193;OSRAM ЛАМПОЧКА H4 12V 60/55W ORIGINAL STD;Освещение;9
700;51900052;OSR64211NBU;OSRAM ЛАМПОЧКА H11 12V 55W  NIGHT BREAKER ULTIMATED +110%;Освещение;2
701;51900148;OSR6423 K10SZT;1 к-т=10 шт. OSRAM ЛАМПОЧКА 24V 5W C5W SV8,5 8x35mm (ТРУБЧ.) КАРТОН. 10 ШТ.;Освещение;10
702;51900062;OSR6498 CW_01B;"Напряжение [V]: 12; номин. мощность [Вт]: 1; исп. патрона: SV8,5-8;
C5W LED 12V 1W 6000K 36MM SV8,5-8 / CW - ХОЛОДНЫЙ БЕЛЫЙ СВЕ";Освещение;1
703;51900056;OSR7225;OSRAM ЛАМПОЧКА 12V ORIGINAL P21/4W BAZ15d;Освещение;6
704;51900063;OSR7507 X10K;OSRAM ЛАМПОЧКА 12V 21W PY21W BAU15s (ЦОК.) ОРАНЖЕВ. КАРТОН. 10 шт.;Освещение;10
705;51900055;OSR7528;OSRAM ЛАМПОЧКА 12V ORIGINAL P21/5W BAY15d;Освещение;9
706;51900149;OSR7537 K10SZT;1 к-т=10 шт. OSRAM ЛАМПОЧКА 24V 21/5W P21/5W BAY15d (ЦОК.) КАРТОН. 10 ШТ.;Освещение;4
707;51900060;OSR9005;OSRAM ЛАМПОЧКА 12V 60W HB3 P20d ФАРЫ АВТ. АМЕР.;Освещение;2
708;51900061;OSR9006;OSRAM ЛАМПОЧКА 12V 51W HB4 P22d ФАРЫ АВТ. АМЕР.@;Освещение;2
709;51900098;PHI 12258PR/1B;ЛАМПОЧКА H1 12V 55W P14.5S PREMIUM (УП-КА - 1 ШТ.);Освещение;8
710;51900088;PHI 12258PR/C1;АВТОЛАМПА ГАЛОГЕНОВА 55W ;Освещение;9
711;51900081;PHI 12336 PR/C1;АВТОЛАМПА ГАЛОГЕНОВА 55W;Освещение;7
712;51900089;PHI 12336LLECO/C1;АВТОЛАМПА ГАЛОГЕНОВА 55W ;Освещение;2
713;51900082;PHI 12342 LLECO C1;Philips АВТОЛАМПА ГАЛОГЕНОВА 60/55W;Освещение;3
714;51900087;PHI 12342PR/1B;ЛАМПОЧКА H4 12V 60/55W P43t PREMIUM (УП-КА -1 ШТ.);Освещение;9
715;51900090;PHI 12342PR/С1;АВТОЛАМПА ГАЛОГЕНОВА 60/55W ;Освещение;11
716;51900104;PHI 12342VP/S2;ЛАМПОЧКА H4 12V 60/55W P43t VISIONPLUS (НАБОР - 2 ШТ.);Освещение;1
717;51900097;PHI 12342XV+130 B1;АВТОЛАМПА ГАЛОГЕНОВА H4 12V 60/55W;Освещение;
718;51900086;PHI 12496NA/CP;Philips АВТОЛАМПА 21W;Освещение;3
719;51900096;PHI 12498CP;АВТОЛАМПА 21W ;Освещение;13
720;51900095;PHI 12499CP;АВТОЛАМПА 21/5W ;Освещение;15
721;51900125;PHI 12499VP/B2;ЛАМПОЧКА P21/5W 12V 21/5W BAY15D VISIONPLUS (УПАК. - 2 ШТ.);Освещение;1
722;51900084;PHI 12521 CP;Philips АВТОЛАМПА 1W;Освещение;
723;51900127;PHI 12814/B2;ЛАМПОЧКА R10W 12V 10W BA15S  (УП-КА - 2 ШТ.);Освещение;1
724;51900083;PHI 12821 CP;Philips АВТОЛАМПА 5W;Освещение;19
725;51900085;PHI 12844 CP;Philips АВТОЛАМПА 5W;Освещение;20
726;51900094;PHI 12961CP;АВТОЛАМПА 5W ;Освещение;10
727;51900115;PHI 12972PR/1B;ЛАМПОЧКА H7 12V 55W PX26D BLUEVISION (УП-КА - 1 ШТ.);Освещение;2
728;51900092;PHI 12972PR/C1;АВТОЛАМПА ГАЛОГЕНОВА 55W ;Освещение;3
729;51900093;PHI 12972XV+130S2;АВТОЛАМПА ГАЛОГЕНОВА 55W (УПАКОВКА);Освещение;3
730;51900091;PHI 55020VC/KM;КОМПЛЕКТ АВТОЛАМП ГАЛОГЕНОВИХ;Освещение;4
731;51900069;TYK 11-A364-01-2B;ФОНАРЬ ЗАДННИЙ НИСАН МИКРА К 12;Освещение;
732;51900064;Xenon  Blochok;Xenon BLOCHOK;Освещение;
733;51900066;Xenon  LAMPA H1;Xenon H1;Освещение;1
734;51900067;Xenon  LAMPA H3;Xenon H3 6000k;Освещение;2
735;52000305;0-62-509;Викрутка Stanley 6 біт реверсивна;Аксессуары и прочее;1
736;52000326;32708;Знак аварийный;Аксессуары и прочее;1
737;52000384;892;FISCHER клема вантажна;Аксессуары и прочее;
738;52000294;1-68-784;Біта зр двобычна 1-2 (10 шт);Аксессуары и прочее;1
739;52000295;1-68-946;Біта зр двобычна  (25 шт);Аксессуары и прочее;1
740;52000296;1-68-947;Біта  RH 2  (10 шт);Аксессуары и прочее;1
741;52000458;1H1 857 521;СТЕКЛО ЗЕРКАЛА Л. VW GOLF III / VENTO / SEAT IBIZA/CORDOBA 91- (ПЛОСК.);Аксессуары и прочее;2
742;52000301;2-65-005;Набір викруток 10 шт;Аксессуары и прочее;
743;52000252;3 397 004 669;BOSCH СТЕКЛООЧ. Eco ОДИН. 475 mm;Аксессуары и прочее;1
744;52000218;3 397 004 670;BOSCH СТЕКЛООЧ. Eco ОДИН. 500 mm;Аксессуары и прочее;1
745;52000240;3 397 011 402;BOSCH ECO C65 QUICK CLIP;Аксессуары и прочее;1
746;52000255;3 397 011 549;BOSCH ECO QUICK CLIP C70 28X700;Аксессуары и прочее;1
747;52000241;3 397 013 448;BOSCH  AEROECO AE 34 FLAT BLADE TECHNOLOGY ;Аксессуары и прочее;2
748;52000242;3 397 013 449;BOSCH AEROECO AE 40 FLAT BLADE ;Аксессуары и прочее;1
749;52000243;3 397 013 450;BOSCH AEROECO AE45 FLAT BLADE ;Аксессуары и прочее;2
750;52000244;3 397 013 451;BOSCH AEROECO AE 48 FLAT BLADE 470MM;Аксессуары и прочее;3
751;52000245;3 397 013 452;BOSCH  AEROECO AE 50 FLAT BLADE TECHNOLOGY  500MM;Аксессуары и прочее;2
752;52000247;3 397 013 454;BOSCH AEROECO AE55 FLAT BLADE 550MM;Аксессуары и прочее;1
753;52000249;3 397 013 456;BOSCH AEROECO FLAT BLADE AE 65 650MM;Аксессуары и прочее;3
754;52000460;357 075 111;Брызговики передние, комплект VW;Аксессуары и прочее;16
755;52000463;357 837 015G;@ЗАМОК ПЕРЕДНЕЙ ЛЕВОЙ ДВЕРИ VW RASSAT;Аксессуары и прочее;1
756;52000462;357 837 226 A;РУЧКА ОТПИРАНИЯ ИЗНУТРИ VW PASSAT;Аксессуары и прочее;2
757;52000464;357 839 015D;@ЗАМОК ДВЕРИ ЗАДНЕЙ ЛЕВОЙ VW RASSAT;Аксессуары и прочее;1
758;52000318;42266;Розгалужувач на 3 вих(RX-103);Аксессуары и прочее;1
759;52000322;42267;Розгалужувач на 2 вих (RX 109);Аксессуары и прочее;
760;52000315;42300;Розгалужувачна 2 вихода кабель(RX 106);Аксессуары и прочее;1
761;52000321;42932;Розгалужувач на 2 вих USB;Аксессуары и прочее;1
762;52000317;42947;Розгалужувач на 4 вих(RX-105);Аксессуары и прочее;1
763;52000276;5552;набор отверти плоскогубцы красный пинцет;Аксессуары и прочее;10
764;52000310;61059;Стрічка двухстороння 12*5;Аксессуары и прочее;1
765;52000312;61062;Стрічка двухстороння 25*5;Аксессуары и прочее;1
766;52000320;61455;Розгалужувач на 3 вих(RX-107);Аксессуары и прочее;1
767;52000313;61476;Ізоляційна стрічка,  кольорова (6шт);Аксессуары и прочее;1
768;52000324;61564;Розгалужувач на 3 вих;Аксессуары и прочее;1
769;52000461;701 075 101;Комплект задних брызговиков VW (3ШТ);Аксессуары и прочее;3
770;52000385;8168;FISCHER клема вантажна;Аксессуары и прочее;2
771;52000457;956655-M;POLCAR (701857522L) СТЕКЛО ЗЕРКАЛА ПРАВ. T4 09.90 - 06.03;Аксессуары и прочее;1
772;52000487;96303182;Пыльник рычага коробки передач;Аксессуары и прочее;1
773;52000484;96303360;GENERAL MOTORS ТРАПЕЦИЯ СТЕКЛООЧИС. DAEWOO LANOS;Аксессуары и прочее;1
774;52000489;96304018;GM РУЧКА ВНУТР. DAEWOO LANOS 97-;Аксессуары и прочее;1
775;52000488;96304019;GM РУЧКА ВНУТР. DAEWOO LANOS 97-;Аксессуары и прочее;1
776;52000486;96562709/96562710;GENERAL MOTORS БРИЗГОВИК ПЕРЕДН. MATIZ (К-Т);Аксессуары и прочее;1
777;52000485;96562711/96562712;GENERAL MOTORS БРИЗГОВИК ЗАДН. MATIZ (К-Т);Аксессуары и прочее;1
778;52000389;A8205;AUTOTECHTEILE  РЫЧАГ СТЕКЛООЧИС. ЛЕВ. Mercedes Л (SPRINTER 2-t,SPRINTER 3-t,SPRINTER;Аксессуары и прочее;1
779;52000445;AB030068C;"JONNESWAY МОНТИРОВКА 900мм
";Аксессуары и прочее;
780;52000429;ABRD12;ЧЕРНЫЙ СИЛИКОНОВЫЙ ГЕРМЕТИК ABRD12;Аксессуары и прочее;1
781;52000446;AE310021;JONNESWAY З*ЄМНИК КОВАЧКІВ РУЛЬОВИХ ТЯГ;Аксессуары и прочее;
782;52000377;AERO 450;Двірники 450\17;Аксессуары и прочее;1
783;52000379;AERO 475;Двірники 475/19;Аксессуары и прочее;1
784;52000381;AERO 550;Двірники 550/22;Аксессуары и прочее;2
785;52000447;AG010002;"JONNESWAY ЩИПЦІ ДЛЯ СТОПОРНИХ КІЛЕЦЬ *ЗЖИМ ПРЯМИЙ 7*
";Аксессуары и прочее;
786;52000448;AG010005;"JONNESWAY ЩИПЦІ ДЛЯ СТОПОРНИХ КІЛЕЦЬ *ЗЖИМ ЗАГНУТИЙ 7*
";Аксессуары и прочее;
787;52000449;AG010143;JONNESWAY БАГАТОФУНКЦІОНАЛЬНИЙ УДАРНИЙ ІНСТРУМЕНТ ЗІ ЗМІННИМИ НАСАДКАМИ;Аксессуары и прочее;
788;52000433;ALMAZ;ХОЛОДНА СВАРКА  ALMAZ;Аксессуары и прочее;2
789;52000450;AN010092;"JONNESWAY ІНСТРУМЕНТ ДЛЯ ВІДКРУЧУВАННЯ РУЛЬОВИХ ТЯГ
";Аксессуары и прочее;
790;52000260;AR020018;"JONNESWAY Компрессометр
";Аксессуары и прочее;1
791;52000419;BANDEXK2;СТРИЧКА ДЛЯ ТРУБИ  BANDEXK2;Аксессуары и прочее;2
792;52000266;BELAVTO AF311;Набор мини предохранителей;Аксессуары и прочее;5
793;52000392;BELAVTO AP51;Набор предохранителей ;Аксессуары и прочее;6
794;52000267;BELAVTO AP52;Набор предохранителей 5-30A;Аксессуары и прочее;7
795;52000393;BELAVTO AP53;Набор предохранителей;Аксессуары и прочее;5
796;52000355;Bk60025;Прикурювач автомо 600А 0,25 25м;Аксессуары и прочее;1
797;52000357;Bk60045;Прикурювач автомо 900А 0,3 4,5м;Аксессуары и прочее;
798;52000356;Bk60060;Прикурювач автомо 600А 0,25 6м;Аксессуары и прочее;1
799;52000499;CC905;CARLIFE НАБОР САЛФЕТОК ИЗ МИКРОФИБРИ 30*40 см (3шт);Аксессуары и прочее;2
800;52000494;COCKPIT;ПОЛИРОЛЬ (МОЛОЧКО) COCKPIT;Аксессуары и прочее;3
801;52000496;COCKPIT CLEANER;NX00203 ПОЛИРОЛЬ COCKPIT CLEANER 200ML;Аксессуары и прочее;12
802;52000472;DKG-10-16;ДОРОЖНЯ КАРТА ХОМУТ ЗАТЯЖНОЙ 10-16mm;Аксессуары и прочее;6
803;52000473;DKG-12-20;ДОРОЖНЯ КАРТА ХОМУТ ЗАТЯЖНОЙ 12-20mm;Аксессуары и прочее;10
804;52000474;DKG-16-25;ДОРОЖНЯ КАРТА ХОМУТ ЗАТЯЖНОЙ 16-25mm;Аксессуары и прочее;10
805;52000475;DKG-20-32;ДОРОЖНЯ КАРТА ХОМУТ ЗАТЯЖНОЙ 20-32mm;Аксессуары и прочее;10
806;52000476;DKG-32-50;ДОРОЖНЯ КАРТА ХОМУТ ЗАТЯЖНОЙ 32-50mm;Аксессуары и прочее;10
807;52000477;DKG-40-60;ДОРОЖНЯ КАРТА ХОМУТ ЗАТЯЖНОЙ 40-60mm;Аксессуары и прочее;10
808;52000478;DKG-50-70;ДОРОЖНЯ КАРТА ХОМУТ ЗАТЯЖНОЙ 50-70mm;Аксессуары и прочее;10
809;52000471;DKG-8-12;ДОРОЖНЯ КАРТА ХОМУТ ЗАТЯЖНОЙ 8-12mm;Аксессуары и прочее;2
810;52000387;F009;FANATIK CAMSIL ШКРЕБОК (20см);Аксессуары и прочее;9
811;52000388;F010;"ШКРЕБОК+ ЩІТКА ""22"" ДОВГИЙ (45см)";Аксессуары и прочее;8
812;52000443;F2211;ЗИМНИЙ КАПОТ MERCEDES SPRINTER CDI NEW 06-13;Аксессуары и прочее;1
813;52000328;FU 216;ЗапобІжники 100шт;Аксессуары и прочее;1
814;52000258;H08MTP09S;"JONNESWAY Комплект угловых ключей ""TORX"" с центрированным штифто
";Аксессуары и прочее;1
815;52000495;HELPIX;ПОЛИРОЛЬ (МОЛОЧКО) HELPIX 0.5L;Аксессуары и прочее;7
816;52000293;HK-2061-14;Alloid набор ключей 14 предметов (10-32мм);Аксессуары и прочее;1
817;52000465;HP108 483;357839206B ЗАЩЕЛКА ДВЕРИ ЗАДН. ПРАВ. VW PASSAT 88-@^;Аксессуары и прочее;2
818;52000480;HW525;ДОРОЖНЯ КАРТА ЩЕТКА СТЕКЛООЧИСТ. КАРКАС 530MM ;Аксессуары и прочее;2
819;52000479;HW603;ДОРОЖНЯ КАРТА ЩЕТКА СТЕКЛООЧИСТ.КАРКАС 410 мм;Аксессуары и прочее;2
820;52000481;HW610;ДОРОЖНЯ КАРТА ЩЕТКА СТЕКЛООЧИСТ. КАРКАС 600MM ;Аксессуары и прочее;2
821;52000438;IS09001;CAR MP4 PLAYER FM МОДУЛЯТОР;Аксессуары и прочее;2
822;52000439;IS09002;CAR MP3 PLAYER FM МОДУЛЯТОР;Аксессуары и прочее;2
823;52000500;JIAXIAO;JIAXIAO ВИКРУТКА 6мм;Аксессуары и прочее;5
824;52000416;KANEBO101;КОЖЕНАЯ ТРЯПКА KANEBO101;Аксессуары и прочее;1
825;52000386;KING;СКРЕБОК ДЛЯ СТЕКОЛ ;Аксессуары и прочее;11
826;52000354;KOMPRESOR61488;Компресор в сумці;Аксессуары и прочее;
827;52000289;KR-115200;Alloid ключ розводной 8;Аксессуары и прочее;1
828;52000288;KR-115250;Alloid ключ розводной 10;Аксессуары и прочее;1
829;52000329;KR-6091;Набор медных шайб;Аксессуары и прочее;1
830;52000279;KT-2081-10;Alloid ключ -трещотка 10 мм.;Аксессуары и прочее;1
831;52000280;KT-2081-12;Alloid ключ -трещотка 12 мм.;Аксессуары и прочее;1
832;52000281;KT-2081-14;Alloid ключ -трещотка 14 мм.;Аксессуары и прочее;1
833;52000282;KT-2081-15;Alloid ключ -трещотка 15 мм.;Аксессуары и прочее;1
834;52000283;KT-2081-16;Alloid ключ -трещотка 16 мм.;Аксессуары и прочее;1
835;52000284;KT-2081-17;Alloid ключ -трещотка 17мм.;Аксессуары и прочее;1
836;52000285;KT-2081-18;Alloid ключ -трещотка 18мм.;Аксессуары и прочее;1
837;52000287;KT-2081-19;Alloid ключ -трещотка 19мм.;Аксессуары и прочее;1
838;52000278;KT-2081-8;Alloid ключ -трещотка 0.8 мм.;Аксессуары и прочее;1
839;52000365;LA 1020 W;Фари додаткові DLAA 1020 W;Аксессуары и прочее;1
840;52000367;LA 1030 ERY;Фари додаткові DLAA 1030 ERY;Аксессуары и прочее;1
841;52000361;LA 1039 W;Фари додаткові DLAA  1039 W;Аксессуары и прочее;1
842;52000368;LA 1090 BRY;Фари додаткові DLAA LA 1090 BRY;Аксессуары и прочее;1
843;52000360;LA 111 BL;Фари додаткові DLAA 111BL;Аксессуары и прочее;1
844;52000363;LA 111 Y;Фари додаткові DLAA 111 Y;Аксессуары и прочее;1
845;52000359;LA 2525;Фари додаткові DLAA 2525;Аксессуары и прочее;1
846;52000369;LA 444 RY;Фари додаткові DLAA LA 444 RY;Аксессуары и прочее;1
847;52000362;LA 519 DBW;Фари додаткові DLAA 519 DBW;Аксессуары и прочее;1
848;52000366;LA 600 W;Фари додаткові DLAA 600 W;Аксессуары и прочее;1
849;52000364;LA 992 RY;Фари додаткові DLAA 992 RY;Аксессуары и прочее;1
850;52000358;LA 996 RY;Фари додаткові DLAA 996 RY;Аксессуары и прочее;
851;52000290;M-160200;Alloid молоток 200 гр;Аксессуары и прочее;1
852;52000291;M-160500-1;Alloid молоток 500 гр;Аксессуары и прочее;
853;52000292;M-160800;Alloid молоток 800 гр;Аксессуары и прочее;1
854;52000451;M06040;"JONNESWAY КУВАЛДА 2.25КГ
";Аксессуары и прочее;
855;52000375;nakladki hrom;nakladki hrom 2109-099;Аксессуары и прочее;1
856;52000423;NX11119; КЛЕЙ ДЛЯ ЗЕРКАЛ NX11119;Аксессуары и прочее;1
857;52000425;NX21129;ФИКСАТОР NX21129;Аксессуары и прочее;2
858;52000424;NX21139;ФИКСАТОР NX21139;Аксессуары и прочее;2
859;52000426;NX35309;ГЕРМЕТИК СИЛИКОНОВЫЙ ЧЕРНЫЙ NX35309;Аксессуары и прочее;3
860;52000308;PF220;Вітровик Trafik.Vivaro...;Аксессуары и прочее;1
861;52000311;PF222;Вітровик Sprinter;Аксессуары и прочее;1
862;52000415;PLAK;ПОЛИРОЛЬ PLAK;Аксессуары и прочее;6
863;52000262;PR 1014-0125;РОЛИК РЕМНЯ ГРМ НАТЯЖНОЙ DAEWOO LANOS 97-, NEXIA 95-, OPEL VECTRA;Аксессуары и прочее;1
864;52000264;PR 2314-0291;ОПОРА АМОРТ. DAEWOO LANOS 97- (OE 96225638) FRONT (L/R);Аксессуары и прочее;2
865;52000437;PY-8004;AIR FRESHENER АРОМАТИЗАТОР ДЛЯ АВТО;Аксессуары и прочее;178
866;52000340;QB-336 B;клема вантажна;Аксессуары и прочее;1,5
867;52000256;RAMKA NOMERA;CarLife тримач номерного знака УНИВЕРСАЛЬНЫЙ ;Аксессуары и прочее;5
868;52000335;RAMKA NOMERA 1;рамка номера шкода;Аксессуары и прочее;1
869;52000336;RAMKA NOMERA 2;рамка номера Ауди;Аксессуары и прочее;1
870;52000337;RAMKA NOMERA 3;рамка номера 123-01 (чорна) черв. стоп;Аксессуары и прочее;1
871;52000338;RAMKA NOMERA 4;рамка номера MLP 110 черв. стоп;Аксессуары и прочее;1
872;52000434;SKOL;ХОЛОДНА СВАРКА  SKOL;Аксессуары и прочее;3
873;52000396;SOLARAF310;Набор предохранителей SOLARAF310;Аксессуары и прочее;8
874;52000395;SOLARAF311;Набор предохранителей SOLARAF311;Аксессуары и прочее;7
875;52000394;SOLARAF312;Набор предохранителей SOLARAF312;Аксессуары и прочее;5
876;52000493;SOLARLC332;LED ЛАМПОЧКА SOLARLC332;Аксессуары и прочее;2
877;52000399;SOLARLC333;LED ЛАМПОЧКА SOLARLC333;Аксессуары и прочее;4
878;52000397;SOLARLF112;SOLARLF112;Аксессуары и прочее;3
879;52000408;SOLARLF121;LED ЛАМПОЧКА SOLARLF121;Аксессуары и прочее;1
880;52000492;SOLARLF183;LED ЛАМПОЧКА SOLARLF183;Аксессуары и прочее;1
881;52000413;SOLARLF191;Набор предохранителей SOLARLF191;Аксессуары и прочее;3
882;52000410;SOLARLF192;LED ЛАМПОЧКА SOLARLF192;Аксессуары и прочее;6
883;52000406;SOLARLF194;LED ЛАМПОЧКА SOLARLF194;Аксессуары и прочее;3
884;52000407;SOLARLS243;LED ЛАМПОЧКА SOLARLS243;Аксессуары и прочее;5
885;52000403;SOLARLS247;LED ЛАМПОЧКА SOLARLS247;Аксессуары и прочее;1
886;52000409;SOLARLS250;LED ЛАМПОЧКА SOLARLS250;Аксессуары и прочее;3
887;52000402;SOLARLS258;LED ЛАМПОЧКА SOLARLS258;Аксессуары и прочее;2
888;52000412;SOLARLS266;LED ЛАМПОЧКА SOLARLS266;Аксессуары и прочее;1
889;52000401;SOLARLS268;LED ЛАМПОЧКА SOLARLS268;Аксессуары и прочее;1
890;52000398;SOLARLS270;LED ЛАМПОЧКА SOLARLS270;Аксессуары и прочее;1
891;52000411;SOLARLS277;LED ЛАМПОЧКА SOLARLS277;Аксессуары и прочее;5
892;52000376;spoiler kapota;2110-12;Аксессуары и прочее;1
893;52000436;SPRINTER 00;накладки панели спринтер сди;Аксессуары и прочее;1
894;52000309;ST-044;Вітровик Vito;Аксессуары и прочее;1
895;52000306;ST-096;Вітровик VW Transporter t4;Аксессуары и прочее;1
896;52000307;ST-099;Вітровик VW Transporter t5;Аксессуары и прочее;1
897;52000269;TIGER EVO;АВТО СИГНАЛИЗАЦИЯ 1 СТОРОНЯЯ TIGER EVOLUTION;Аксессуары и прочее;1
898;52000270;TIGER SIRENA;SIRENA CIKLON;Аксессуары и прочее;1
899;52000286;TRIADA;Брызговики  зеленые;Аксессуары и прочее;4
900;52000297;TRIADA RED;Брызговик RED;Аксессуары и прочее;2
901;52000298;TRIADA YELLOW;Брызговик ЖОЛТЫЕ;Аксессуары и прочее;2
902;52000459;TYC 337-0083;ЗЕРКАЛО П VW TRANSPORTER T4 90= (РУЧН., ЧЕРН., ВЫПУКЛ.);Аксессуары и прочее;2
903;52000257;V1001;JONNESWAY Заклепочник усиленный;Аксессуары и прочее;1
904;52000371;VETROVIK dodg;Ветровик на додж рам ван вагон;Аксессуары и прочее;1
905;52000374;VETROVIK lada kalina;Ветровик lada kalina;Аксессуары и прочее;1
906;52000372;VETROVIK vaz 2105-07;Ветровик на додж рам ван вагон;Аксессуары и прочее;1
907;52000373;VETROVIK vaz 2111;Ветровик lada 111;Аксессуары и прочее;1
908;52000418;VITALKA;ПАХНЮЧКА VITALKA;Аксессуары и прочее;63
909;52000259;W45107S;"JONNESWAY Набор ключей комбинированных трещоточных, 72 зубца, 10-1

";Аксессуары и прочее;
910;52000431;WD-40;WD-40 200ML;Аксессуары и прочее;3
911;52000490;WD-40 400ml;WD-40 400ML;Аксессуары и прочее;4
912;52000382;WIRE CLIP;контакти;Аксессуары и прочее;3
913;52000456;XOMUT METAL;ХОМУТ МЕТАЛЕВИЙ (МАЛЕНЬКИЙ);Аксессуары и прочее;5
914;52000391;XOMUT10500;хомут пластик чорний 10*500;Аксессуары и прочее;184
915;52000346;XOMUT48160;хомут пластик чорний 4.8*160;Аксессуары и прочее;817
916;52000455;XOMUTMETAL1;ХОМУТ МЕТАЛЕВИЙ (ВЕЛИКИЙ);Аксессуары и прочее;12
917;52000498;АПТЕЧКА;АВТОМОБІЛЬНА АПТЕЧКА ПЕРШОЇ ДОПОМОГИ;Аксессуары и прочее;3
918;52000302;НАКЛЕЙКА ;НАКЛЕЙКИ РАЗНЫЕ;Аксессуары и прочее;17
919;52000300;НАКЛЕЙКА ГАЗ;ТРЕУГОЛЬНИК ГАЗ;Аксессуары и прочее;5
920;52000304;НАКЛЕЙКА НА БАК;НАКЛЕЙКИ НА ЛЮЧОК БЕНЗОБАКА ТЮНИНГ СПОРТ;Аксессуары и прочее;2
921;52000466;ПЕРЧАТКИ;GUIDE ПЕРЧАТКИ;Аксессуары и прочее;83
922;52000467;ПЕРЧАТКИ-1;ПЕРЧАТКИ КОЖ;Аксессуары и прочее;7
923;52000497;ПЕРЧАТКИ-2;ПЕРЧАТКИ ОБИЧНЫЕ;Аксессуары и прочее;12
924;52000265;Стенд для ремнів;ПОЛОЧКИ ДЛЯ РЕМНІВ;Аксессуары и прочее;1
925;59903080;0 601 377 564;БОЛГАРКА bosch gws;Разное;1
926;59903000;10A1200C;@РЕМЕНЬ КЛИНОВЫЙ;Разное;
927;59902197;123-901;0852719 СЕРЬГА РЕЗИН. OPEL CORSA B,KADETT D/E,ASTRA CITROEN  DAEWOO;Разное;2
928;59902996;13 X 1175C DAYCO;@РЕМЕНЬ КЛИНОВ.;Разное;1
929;59903045;1305-01-0004E;4MAX ПАСТА ДЛЯ МИТТЯ РУК СИНЯ (0,5Л);Разное;3
930;59903071;15252B;CONFIA  AND RIPARA РЕМОНТ ШИНИ;Разное;1
931;59903108;1H0 798 303A;@ЭЛЕМЕНТ КРЕПЛ. VW;Разное;1
932;59903109;1H1 819 743;НАКЛАДКА VW GOLF;Разное;7
933;59903103;1KO 971 228 L;ДЖГУТ ДРОТ. ДЛЯ ПОЛОЖ  ВИВ АКБ;Разное;4
934;59903056;2021;TOSHIBA  AAA (LRO3) БЛІСТЕР;Разное;4
935;59903055;2024;SONY CR 2032 (ТАБЛЕТКА);Разное;5
936;59903050;23AE;GP HIGH VOLTAGE 12V;Разное;9
937;59902989;4PK1510;@OPTIBELT РЕМЕНЬ ПОЛИКЛИНОВЫЙ;Разное;1
938;59902987;530 0003 10;@К-Т РАСПР. VW 1,9D/TD/SDI/TDI;Разное;1
939;59903102;5511-00-9522224E;Спойлер бампера Golf III Right;Разное;1
940;59902988;6 PK 1053 DAYCO;@ПОЛИКЛИН. РЕМЕНЬ;Разное;1
941;59902971;61470;ЗАРЯДКА АКУМ. PROSTOWNIK NB 1212 CS;Разное;1
942;59903004;6779009000;ЛИНЕЙКА;Разное;1
943;59902990;6PK1152;@РЕМЕНЬ ПОЛИКЛИНОВ. РЕМIНЬ ПОЛIКЛИНОВИЙ;Разное;1
944;59902972;6PK1468;Ремень поликлиновый CITROEN PEUGEOT;Разное;1
945;59900061;70-31414-10;ГЕРМЕТИК REINZOSIL +300  70 МЛ;Разное;5
946;59901908;701 399 201AG;ПОДУШКА КОРОБ. ПЕРЕД. T4 D+E 2,0-2,5 8/92- (КОР. РУЧН.);Разное;2
947;59902910;701 711 166;ГИЛЬЗА ТЯГИ ПЕРЕКЛ. ПЕРЕД. TRANSPORTER  91- VW;Разное;7
948;59903111;701 819 809H;@=701819809B O КЛАПАН НАГРЕВ. VW T4 91-;Разное;2
949;59903106;701 837 019A01C;@ЗАЩЕЛКА ВНУТР. VW;Разное;1
950;59903112;701 959 263;@РЕЗИСТОР VW;Разное;1
951;59901877;7D0 407 140A;SWB 7D0407183 САЙЛЕНТБЛОК НИЖН. РЫЧАГА ПЕРЕДН. VW T4 96-;Разное;2
952;59901795;96143939;ДОРОЖНЯ КАРТА ТЕРМОСТАТ - 1.5 SOHC/DOHC 1.6 DOHC ESPERO,LANOS,NUBIRA,NEXIA;Разное;2
953;59901761;96275018;НАКОНЕЧНИК ТЯГИ РУЛЕВ. ЛЕВ. --DAEWOO LANOS;Разное;4
954;59903047;AAA-LR03;ENERGIZER AAA (LR03);Разное;8
955;59903161;AIRDEO;АРОМАТИЗАТОР МЕШОЧЕК 15g;Разное;16
956;59903160;AROMA;АРОМАТИЗАТОР СПРЕЙ 50ml;Разное;8
957;59903153;AVTO-MASTER;АВТО МАСТЕР ПАСТА ДЛЯ МИТТЯ РУК (0,550Г);Разное;9
958;59903154;AVTO-MASTER 1KG;АВТО-МАСТЕР ПАСТА ДЛЯ МИТТЯ РУК (1000Г);Разное;23
959;59903016;BAN2;BAN2 KROON OIL Баннер;Разное;1
960;59903058;CR 2032;НАША СИЛА CR 2032 (ТАБЛЕТКА);Разное;7
961;59903049;CR2032;GP (ТАБЛЕТКА);Разное;3
962;59903057;DIGITAL;X-DIGITAL ALKALINE AA (LR6);Разное;2
963;59903155;DPH 19061;DPH 0636841 САЛЬНИК КУЛИСЫ LANOS;Разное;1
964;59903143;ERDOL 10W40 1L;0000003013 ERDOL 10W40 НАПІВСИНТЕТИЧНА МОТОРНА ОЛИВА 1Л;Разное;1
965;59903132;ERDOL 10W40 20L;0000003024 ERDOL 10W40 МОТОРНА ОЛИВА ДЛЯ ВАНТАЖІВОК ТА АВТОБУСІВ 20L;Разное;2
966;59903142;ERDOL 10W40 4L;0000003014 ERDOL 10W40 НАПІВСИНТЕТИЧНА МОТОРНА ОЛИВА 4Л;Разное;2
967;59903141;ERDOL 10W40 DIESEL 1L;0000003018 ERDOL 10W40 DIESEL НАПІВСИНТЕТИЧНА МОТОРНА ОЛИВА 1Л;Разное;2
968;59903140;ERDOL 10W40 DIESEL 4L;0000003019 ERDOL 10W40 DIESEL НАПІВСИНТЕТИЧНА МОТОРНА ОЛИВА 4Л;Разное;2
969;59903144;ERDOL 15W40 20L;0000003027 ERDOL 15W40 МОТОРНА ОЛИВА ДЛЯ ВАНТАЖІВОК ТА АВТОБУСІВ 20L;Разное;2
970;59903139;ERDOL 15W40 4L;0000003023 ERDOL 15W40 МОТОРНА ОЛИВА НА МІНЕРАЛЬНІЙ ОСНОВІ 4Л;Разное;2
971;59903138;ERDOL 5W30 1L;0000003009 ERDOL 5W30 СИНТЕТИЧНА МОТОРНА ОЛИВА 1Л;Разное;2
972;59903137;ERDOL 5W30 4L;0000003012 ERDOL 5W30 СИНТЕТИЧНА МОТОРНА ОЛИВА 4Л;Разное;2
973;59903146;ERDOL 5W30 LonglifeIII 1L;0000003008 ERDOL 5W30 Longlife III СИНТЕТИЧНА МОТОРНА ОЛИВА 1Л;Разное;2
974;59903145;ERDOL 5W30 LonglifeIII 4L;0000003007 ERDOL 5W30 Longlife III СИНТЕТИЧНА МОТОРНА ОЛИВА 4Л;Разное;2
975;59903136;ERDOL 5W40 1L;0000003011 ERDOL 5W40 СИНТЕТИЧНА МОТОРНА ОЛИВА 1Л;Разное;1
976;59903134;ERDOL 75W90 1L;0000003030 ERDOL 75W90 GL5 ТРАНСМІСІЙНА ОЛИВА 1Л;Разное;3
977;59903133;ERDOL 80W90 1L;0000003031 ERDOL 80W90 GL5 ТРАНСМІСІЙНА ОЛИВА 1Л;Разное;3
978;59903148;ERDOL ATF DEXTRON II D;0000003032 ERDOL ATF DEXTRON II D РІДИНА НА МІНЕРАЛЬНІЙ ОСНОВІ ДЛЯ ГІДРОПІДСИЛЮВАЧІВ ТА АВТОМАТИЧНИХ ТРАНСМІСІЙ 1Л;Разное;1
979;59903147;ERDOL ATF DEXTRON III H;0000003033 ERDOL ATF DEXTRON III H СПЕЦІАЛЬНА СИНТЕТИЧНА РІДИНА ДЛЯ АВТОМАТИЧНИХ ТРАНСМІСІЙ 1Л;Разное;3
980;59903152;ERDOL GW-11 1.5L;0000003050 ERDOL ANTIFRIES КОНЦЕНТРАТ СИНИЙ 1.5Л;Разное;1
981;59903151;ERDOL GW-11 5L;0000003051 ERDOL ANTIFRIES КОНЦЕНТРАТ СИНИЙ 5Л;Разное;3
982;59903150;ERDOL GW-12 1.5L;0000003055 ERDOL ANTIFRIES КОНЦЕНТРАТ КРАСНЫЙ 1.5Л;Разное;2
983;59903149;ERDOL GW-12 5L;0000003056 ERDOL ANTIFRIES КОНЦЕНТРАТ КРАСНЫЙ 5Л;Разное;2
984;59903171;ERDOL GW-13 5L; ANTIFRIES КОНЦЕНТРАТ ЖОВТИЙ 5Л;Разное;1
985;59903035;FBX025;ЖИДКОСТЬ ТОРМ. DOT 4 0.25L DOT4 0.25L;Разное;1
986;59903204;FBZ050;ЖИДКОСТЬ ТОРМ. DOT 5 0.5L  DOT 5 0.5L;Разное;1
987;59903117;FG6243;TURTLE WAX СИНТЕТИЧЕСКИЙ БЫСТРООСУШАЮЧИЙ АВТОШАМПУНЬ 500g;Разное;1
988;59903104;G5A006JC;@ЗАЩИТА ШАРНИРА (ВНЕШН.) AUDI A4 2.6, 2.8 ПЕРЕД.;Разное;1
989;59902993;GAT K025223XS;К-Т РАСПР. VW 1,9D/TD/SDI/TDI  VW, SEAT, AUDI (GT T43069-1ШТ + GT 5223XS-1ШТ);Разное;1
990;59903115;HG5622;HI-GEAR ОЧИСТИТЕЛЬ СТЕКОЛ 500g;Разное;1
991;59903105;HP103 155;@ЗАЩЕЛКА ЗАДН.;Разное;3
992;59902981;K16PRU-11.4;@3130 СВЕЧА ЗАЖИГАНИЯ;Разное;28
993;59903195;k2-1;ЗМАЗКА БОЛТИВ К2 007 250ML;Разное;3
994;59902977;K20HRU-11;@3381 СВЕЧА ЗАЖИГАНИЯ;Разное;8
995;59902978;K20TXR-;@5063 СВЕЧА ЗАЖИГАНИЯ;Разное;2
996;59902920;KROON 0W-40 5L;02343 HELAR Масло моторное синт. 0W-40 5л;Разное;2
997;59902921;KROON 10W-40 1L;02222 EMPEROL Масло моторное полус. 10W-40 1л;Разное;2
998;59902922;KROON 10W-40 1L;34468 EMPEROL DIESEL Масло моторное полус. 10W-40 1л ;Разное;14
999;59902923;KROON 10W-40 5L;31328 EMPEROL DIESEL Масло моторное полус. 10W-40 5л ;Разное;1
1000;59902924;KROON 10W-40 5L;02335 EMPEROL Масло моторное полус. 10W-40 5л;Разное;2
1001;59903025;KROON 10W-40 D ROZLIV;34470 EMPEROL DIESEL Масло моторное полус. 10W-40 ROZLIV 60L;Разное;30
1002;59903042;KROON 10W-40 ROZLIV;02222 EMPEROL Масло моторное полус. 10W-40 ROZLIV 60L;Разное;1
1003;59902925;KROON 5W-30 1L;34202 DURANZA LSP Масло моторное синт. 5W-30 1л;Разное;4
1004;59902927;KROON 5W-30 1L;33483 AVANZA MSP Масло моторное синт. 5W-30 1л;Разное;6
1005;59902928;KROON 5W-30 1L;33892 MEGANZA LSP Масло моторное синт. 5W-30 1л;Разное;8
1006;59902929;KROON 5W-30 1L;31070 ASYNTHO Масло моторное синт. 5W-30 1л;Разное;11
1007;59902932;KROON 5W-30 5L;33496 AVANZA MSP Масло моторное синт. 5W-30 5л;Разное;3
1008;59902933;KROON 5W-30 5L;33893 MEGANZA LSP Масло моторное синт. 5W-30 5л;Разное;1
1009;59902934;KROON 5W-30 5L;20029 ASYNTHO Масло моторное синт. 5W-30 5л;Разное;2
1010;59902919;KROON 5W-40 1L;02219 EMPEROL Масло моторное синт. 5W-40 1л;Разное;10
1011;59902935;KROON 5W-40 1L;31257 SPECIALSYNTH MSP Масло моторное синт. 5W-40 1л;Разное;2
1012;59902937;KROON 5W-40 5L;02334 EMPEROL Масло моторное синт. 5W-40 5л;Разное;2
1013;59903041;KROON 5W-40 ROZLIV;12163 EMPEROL Масло моторное синт. 5W-40 ROZLIV 60L;Разное;54
1014;59902946;KROON 75W-90 1L;02205 KROON Олива трансмісійна SYNGEAR 75W-90 1л;Разное;9
1015;59902947;KROON 75W/80W 1L;01210 KROON Олива трансмісійна GEARLUBE RPC 75W/80 API GL-4 1л;Разное;11
1016;59902948;KROON 80W 1L;01209 KROON Олива трансмісійна GEARLUBE GL-4 80W 1л;Разное;6
1017;59902949;KROON 80W-90 1L;33480 KROON Олива трансмісійна GEARLUBE GL-4 80W-90 1л;Разное;3
1018;59902950;KROON ANTIFREEZE 1L;04202 KROON Антифриз синий 1л.;Разное;2
1019;59902952;KROON ANTIFREEZE 1L;34677 KROON Антифриз SP-12 красный 1л.;Разное;1
1020;59902953;KROON ANTIFREEZE 5L;34678 KROON Антифриз SP-12 красный 5л.;Разное;2
1021;59902954;KROON ATF ALMIROL 1L;01212 KROON Олива трансмісійна GM DEXRON IIIH 1л;Разное;11
1022;59902955;KROON ATF DEXRON II-D 1L;01208 KROON Олива трансмісійна ATF DEXRON II-D 1л;Разное;1
1023;59902957;KROON ATF SP 2062 1L;33360 KROON MATIC Олива трансмісійна 1л. T.T-II.T-III.T-IV.;Разное;12
1024;59902958;KROON ATF SP 2082 1L;33725 KROON MATIC Олива трансмісійна 1л ATF T-III/T-IV/D-II/WS ;Разное;4
1025;59902941;KROON GREASE MP;03003 KROON ЗМАЗКА MULTI PURPOSE GREASE 2 400g;Разное;1
1026;59902944;KROON PASTA GREASE;34077 KROON ЗМАЗКА COOPER+PLUS 600g ;Разное;1
1027;59902938;KROON WD-40;40016 KROON ЗМАЗКА PTO MOS2 300ML;Разное;1
1028;59902939;KROON WD-40;40018 KROON ЗМАЗКА MAINTANCE SPRAY 300ML TEFSPRAY PTFE;Разное;1
1029;59903073;LM7585;LIQUI MOLY СИНТЕТИЧЕСКАЯ СМАЗКА ДЛЯ ТОРМОЗНОЙ ЖЫДКОСТИ;Разное;6
1030;59902984;MA20PU-.4;@5012 СВЕЧА ЗАЖИГАНИЯ;Разное;16
1031;59903048;MN2500;GP SUPER ALKALINE AA (LR6);Разное;32
1032;59903201;MOTOR LUX;(333) ЖИДКОСТЬ ТОРМОЗНАЯ DOT4  (1Л);Разное;5
1033;59903202;MOTOR LUX-1;(333) ЖИДКОСТЬ ТОРМОЗНАЯ DOT4  (0.5Л);Разное;5
1034;59903046;MX2400;DURACELL TURBO MAX  AAA (LRO3);Разное;
1035;59903107;N 100 134 01;БОЛТ ПРИЖИМА СЦЕПЛЕНИЯ M7X40x20 VW GOLF 1,6-1,8;Разное;11
1036;59902991;PILNIK;ПЫЛЬНИКИ ШАРНИРОВ;Разное;95
1037;59902983;PK20PR-P8.4;@3245 СВЕЧА ЗАЖИГАНИЯ;Разное;8
1038;59902960;PN 58055;Засіб для запуску двигуна (аер) ж/б 200мл;Разное;1
1039;59902961;PN 61354;Очиститель топливной системы (карбю) FUEL SYSTEM CLEANER 325 мл;Разное;1
1040;59902962;PN12293;Присадка инж. DIESEL EXTREME CLEANER 0.5L ;Разное;1
1041;59902963;PN23379;Очисник (аер) для впуска воздуха DIESEL EGR 200ML ;Разное;1
1042;59902964;PN29393;Очисник инж. EXTREME FUEL ECONOMY 0.5L;Разное;1
1043;59902965;PN29793;Очисник инж. EXTREME CLEANER 0.5L ;Разное;1
1044;59902966;PN29879;Очисник впуска воздуха (аер) 200ML;Разное;1
1045;59902967;PN47244;Промывка масляной системы ж/б OIL SYSTEM CLEANER 325 мл;Разное;1
1046;59902968;PN50393;Очисник для дизеля DIESEL EXTREME EMISSION REDUCER 0.5L ;Разное;1
1047;59902969;PN76695;Очиститель для всех типов бензиновых двигателей ж/б INJECTION SYSTEM PURGE 1L ;Разное;1
1048;59902982;Q16PRU-;@3137 СВЕЧА ЗАЖИГАНИЯ;Разное;4
1049;59902985;Q20PU-;@3125 СВЕЧА ЗАЖИГАНИЯ;Разное;4
1050;59903126;QB113-1371X;QB К-Т РЕМ. НАПРАВЛ. ЗАЖИМА ТОРМ. MB SPRINTER 2.3i / 2.1-2.9d/cdi / VITO (638) 2.0-3.8i;Разное;1
1051;59903052;R03;PHILIPS  AAA LONG LIFE 1.5V;Разное;4
1052;59903051;R14;PANASONIK GENERAL PURPOSE;Разное;8
1053;59903020;RT-HP1009;МАСЛЯНА ПОМПА;Разное;3
1054;59903176;RUMAX;"R ARTEMIS EF 5W30 1л

";Разное;1
1055;59903178;RUMAX  0W-30 POSIDON;"POSIDON LL-II 0W30 1л

";Разное;4
1056;59903180;RUMAX 10W40 ;"RUMAX 10W40 BENZ DIZEL 1L POSIDON

";Разное;12
1057;59903181;RUMAX 10W40 5L;"RUMAX 10W40 BENZ DIZEL 5L POSIDON

";Разное;12
1058;59903194;RUMAX 10w40 rozlv;"poseydon ss 205 
";Разное;175
1059;59903189;RUMAX 5W30  SYRINX FS 5L;"RUMAX 5W30 5L SYRINX FS

";Разное;1
1060;59903184;RUMAX 5W30 APOLLO;"RUMAX 5W30 APOLLO 1L

";Разное;6
1061;59903186;RUMAX 5W30 FE SAE ORPHEUS;"RUMAX 5W30 FE SAE ORPHEUS 1L

";Разное;1
1062;59903188;RUMAX 5W30 FE SAE ORPHEUS;"RUMAX 5W30 FE SAE ORPHEUS 4L

";Разное;1
1063;59903187;RUMAX 5W30 POSIDON SAE 1L;"RUMAX 5W30 POSIDON SAE 1L

";Разное;1
1064;59903185;RUMAX 5W30HELIOS 5L;"RUMAX 5W30 APOLLO 5L

";Разное;6
1065;59903190;RUMAX 5W40 5L POSIDON LL;"RUMAX 5W40 5L POSIDON LL

";Разное;6
1066;59903191;RUMAX 5W40 GALEO 1L;"RUMAX 5W40 1L 

";Разное;1
1067;59903193;RUMAX 5W40 GALEO 5L;"RUMAX 5W40 GALEO 5L

";Разное;1
1068;59903192;RUMAX 5W401L POSIDON LL;"RUMAX 5W401L POSIDON LL

";Разное;6
1069;59903182;RUMAX HELIOS 1L;"HELIOS 10W40 1L

";Разное;6
1070;59903183;RUMAX HELIOS 5L;"RUMAX 10W40 HELIOS 5L

";Разное;6
1071;59903179;RUMAX POSIDON 0W30;"POSIDON 0W30 LL-II 4L

";Разное;6
1072;59903177;RUMAX R ARTEMIS EF 5W30 4;R ARTEMIS EF 5W30 4L;Разное;1
1073;59902918;S04H624101S;JONNESWAY УНИВЕРСАЛЬНЫЙ НАБОР ИНСТРУМЕНТОВ, 101ПРЕДМЕТ;Разное;
1074;59903162;SACA 12X5;SACA ТЕРМОСТІЙКА АВТОМОБІЛЬНА СТРІЧКА;Разное;1
1075;59903165;SACA 15X5;SACA ТЕРМОСТІЙКА АВТОМОБІЛЬНА СТРІЧКА;Разное;4
1076;59903164;SACA 22X5;SACA ТЕРМОСТІЙКА АВТОМОБІЛЬНА СТРІЧКА;Разное;1
1077;59903163;SACA 30X5;SACA ТЕРМОСТІЙКА АВТОМОБІЛЬНА СТРІЧКА;Разное;2
1078;59903116;SP5111;STEP-UP ВОДООТТАЛКИВАЮЩАЯ ЗАЩИТА ТКАНИ 500g;Разное;1
1079;59902980;T20EPU-;@5031 СВЕЧА ЗАЖИГАНИЯ;Разное;8
1080;59903119;T5335;TURTLE WAX ВЛАЖНЫЙ ПОЛИРОЛЬ 500g;Разное;1
1081;59903120;T5336;FOSTER АНТИМОШКА 750МЛ;Разное;1
1082;59903121;T5337;FOSTER АВТОШАМПУНЬ 350МЛ;Разное;1
1083;59903118;T5594;TURTLE WAX ОЧИСТИТЕЛЬ СТЕКОЛ 500g;Разное;1
1084;59903122;T5657;TURTLE WAX СУПЕРБЛЕСК БАРЬЕРНАЯ ЗАЩИТА 500g;Разное;1
1085;59903069;TARA 10L;БУТИЛКА ПЛАСТИКОВА 10Л;Разное;2
1086;59903068;TARA 5L;БУТИЛКА ПЛАСТИКОВА 5Л;Разное;33
1087;59902994;W16EPU-;@3018 СВЕЧА ЗАЖИГАНИЯ;Разное;12
1088;59902979;W20EPR-U;@3047 СВЕЧА ЗАЖИГАНИЯ;Разное;12
1089;59902986;W20EPU-;@3043 СВЕЧА ЗАЖИГАНИЯ;Разное;12
1090;59903114;WINTER 1L;ОМИВАЧ;Разное;1
1091;59903061;WY22710;"WYNN""S ПРИСАДКА ICE PROOF FOR DIESEL 250ML";Разное;1
1092;59903065;WY59403;"WYNN""S ПРИСАДКА H.P.L.S. (+STOP LEAK) 125ML";Разное;1
1093;59903066;WY61479;"WYNN""S ОЧИСНИК BRAKE AND CLUTCH CLEANER 500ML";Разное;1
1094;59903062;WY70759;"WYNN""S ПРИСАДКА 3XA FOR PETROL 325ML";Разное;1
1095;59903200;ПОЛЮС;ОМЫВАТЕЛЬ СТЕКЛА 4 Л ПОЛЮС;Разное;2
1096;59902995;Прапор;Флаг KROON OIL;Разное;1
1097;59902975;Стенд;997429013Стенд металевий;Разное;1
1098;59902970;Стенд;Стенд WYNNS ;Разное;1
1099;59902976;Стенд DENSO;Стійка для елементів;Разное;1
1100;59902998;Стенд Denso;Стенд DENSO;Разное;1
1101;59902974;Стенд для масла;Стенд металевий;Разное;1
